"Time (s)"	"Magnetic Field x (µT)"	"Magnetic Field y (µT)"	"Magnetic Field z (µT)"	"Absolute field (µT)"
3.444792200E-2	2.571759987E1	-6.312279892E1	-4.443239975E1	8.136412498E1
4.445549000E-2	2.596159935E1	-6.264699936E1	-4.470079803E1	8.122076406E1
5.445573400E-2	2.593719864E1	-6.264699936E1	-4.513999939E1	8.145553601E1
6.445524600E-2	2.665699959E1	-6.265919876E1	-4.516439819E1	8.171042578E1
7.445573400E-2	2.587619972E1	-6.304959869E1	-4.505459976E1	8.169912219E1
8.445573400E-2	2.593719864E1	-6.339119720E1	-4.452999878E1	8.169518314E1
9.445573400E-2	2.588839912E1	-6.292759705E1	-4.389559937E1	8.097478202E1
1.044554900E-1	2.649839973E1	-6.297639847E1	-4.449340057E1	8.153437709E1
1.144559780E-1	2.275300026E1	-6.400119781E1	-5.363119888E1	8.654569796E1
1.244484100E-1	2.679119873E1	-6.253719711E1	-4.483499908E1	8.147911693E1
1.344552460E-1	2.602260017E1	-6.279339981E1	-4.561579895E1	8.185956202E1
1.444552460E-1	2.644960022E1	-6.287879944E1	-4.451779938E1	8.145648674E1
1.544554900E-1	2.665699959E1	-6.272019958E1	-4.472520065E1	8.151541349E1
1.644554900E-1	2.561999893E1	-6.315939713E1	-4.466419983E1	8.148855464E1
1.744554900E-1	2.492459869E1	-6.343999863E1	-4.532299805E1	8.185379159E1
1.844559780E-1	2.441219902E1	-6.328139877E1	-4.537179947E1	8.160325409E1
1.944557340E-1	2.564439964E1	-6.326919937E1	-4.506679916E1	8.180246457E1
2.044554900E-1	2.597379875E1	-6.281779861E1	-4.465200043E1	8.132966978E1
2.144557340E-1	2.588839912E1	-6.286660004E1	-4.444459915E1	8.122647969E1
2.244462130E-1	2.490019989E1	-6.308619690E1	-4.496920013E1	8.137639187E1
2.344554900E-1	2.635199928E1	-6.267139816E1	-4.481060028E1	8.142556055E1
2.444552460E-1	2.625440025E1	-6.302519989E1	-4.399319839E1	8.122112323E1
2.544554900E-1	2.513199997E1	-6.329359818E1	-4.551819992E1	8.191216953E1
2.644557340E-1	2.658379936E1	-6.269579697E1	-4.463980103E1	8.142587538E1
2.744559780E-1	2.587619972E1	-6.311059952E1	-4.450559998E1	8.144491336E1
2.844554900E-1	2.419260025E1	-6.342779922E1	-4.539619827E1	8.166506254E1
2.944557340E-1	2.468059921E1	-6.347660065E1	-4.483499908E1	8.153887386E1
3.044559780E-1	2.505879974E1	-6.333020020E1	-4.488380051E1	8.156723147E1
3.144557340E-1	2.622999954E1	-6.296419907E1	-4.510339737E1	8.177297655E1
3.244552460E-1	2.640079880E1	-6.302519989E1	-4.439579773E1	8.148720669E1
3.344430390E-1	2.526619911E1	-6.324480057E1	-4.451779938E1	8.136412033E1
3.444552460E-1	2.491239929E1	-6.325699997E1	-4.515219879E1	8.161370436E1
3.544554900E-1	2.438780022E1	-6.335459900E1	-4.537179947E1	8.165274154E1
3.644554900E-1	2.483919907E1	-6.347660065E1	-4.511560059E1	8.174155648E1
3.744559780E-1	2.460739899E1	-6.345219803E1	-4.496920013E1	8.157165243E1
3.844554900E-1	2.492459869E1	-6.319599915E1	-4.537179947E1	8.169192197E1
3.944559780E-1	2.443659973E1	-6.346439743E1	-4.533519745E1	8.173222911E1
4.044554900E-1	2.518079948E1	-6.303739929E1	-4.459099960E1	8.121664619E1
4.144559780E-1	2.416819954E1	-6.364739990E1	-4.427379990E1	8.121122300E1
4.244476770E-1	2.420479965E1	-6.368399811E1	-4.512779999E1	8.171928948E1
4.344554900E-1	2.421699905E1	-6.353759766E1	-4.590859985E1	8.204321361E1
4.444557340E-1	2.498559952E1	-6.336679840E1	-4.445679855E1	8.133903282E1
4.544550020E-1	2.516860008E1	-6.328139877E1	-4.474959946E1	8.148938896E1
4.644550020E-1	2.474160004E1	-6.333020020E1	-4.462759781E1	8.132947507E1
4.744552460E-1	2.449759865E1	-6.337899780E1	-4.446899796E1	8.120665909E1
4.844554900E-1	2.420479965E1	-6.368399811E1	-4.501799774E1	8.165870475E1
4.944554900E-1	2.447319984E1	-6.313499832E1	-4.506679916E1	8.133868643E1
5.044559780E-1	2.538819885E1	-6.295199966E1	-4.423719788E1	8.102126004E1
5.144427950E-1	2.482699966E1	-6.304959869E1	-4.499359894E1	8.133914035E1
5.244423060E-1	2.482699966E1	-6.312279892E1	-4.455439758E1	8.115394014E1
5.344552460E-1	2.468059921E1	-6.336679840E1	-4.399319839E1	8.099311466E1
5.444552460E-1	2.520520020E1	-6.320819855E1	-4.432259750E1	8.121004328E1
5.544554900E-1	2.377779961E1	-6.397679901E1	-4.483499908E1	8.166144567E1
5.644552460E-1	2.365579987E1	-6.334239960E1	-4.544499969E1	8.146842610E1
5.744554900E-1	2.425359917E1	-6.353759766E1	-4.503020096E1	8.156581629E1
5.844554900E-1	2.604699898E1	-6.309840012E1	-4.435919952E1	8.141002908E1
5.944559780E-1	2.599819946E1	-6.275679779E1	-4.477399826E1	8.135743952E1
6.044557340E-1	2.649839973E1	-6.280559921E1	-4.409079742E1	8.118316881E1
6.144469450E-1	2.686439896E1	-6.246399689E1	-4.385899734E1	8.091389551E1
6.244557340E-1	2.498559952E1	-6.361079788E1	-4.440800095E1	8.150266461E1
6.344550020E-1	2.415600014E1	-6.364739990E1	-4.460319901E1	8.138764782E1
6.444554900E-1	2.300919914E1	-6.412319946E1	-4.467639923E1	8.146894257E1
6.544552460E-1	2.294820023E1	-6.451359558E1	-4.482279968E1	8.183952150E1
6.644554900E-1	2.482699966E1	-6.336679840E1	-4.427379990E1	8.119051921E1
6.744554900E-1	2.372900009E1	-6.308619690E1	-4.407859802E1	8.053481538E1
6.844554900E-1	2.471719933E1	-6.323259735E1	-4.433480072E1	8.108560825E1
6.944559780E-1	2.437559891E1	-6.292759705E1	-4.524979782E1	8.125020920E1
7.044557340E-1	2.515639877E1	-6.298859787E1	-4.341979980E1	8.053376234E1
7.144435270E-1	2.419260025E1	-6.350099945E1	-4.494479752E1	8.147204221E1
7.244552460E-1	2.337520027E1	-6.346439743E1	-4.549379730E1	8.150960264E1
7.344554900E-1	2.601039886E1	-6.213459778E1	-4.393219757E1	8.041944462E1
7.444554900E-1	2.504660034E1	-6.296419907E1	-4.442020035E1	8.102454413E1
7.544554900E-1	2.479039955E1	-6.362299728E1	-4.510339737E1	8.183377144E1
7.644430390E-1	2.459519958E1	-6.352539825E1	-4.473740005E1	8.149745413E1
7.744552460E-1	2.461960030E1	-6.369619751E1	-4.446899796E1	8.149123925E1
7.844557340E-1	2.414379883E1	-6.357419968E1	-4.548159790E1	8.181184287E1
7.944554900E-1	2.420479965E1	-6.336679840E1	-4.562799835E1	8.175045993E1
8.044559780E-1	2.521739960E1	-6.339119720E1	-4.461539841E1	8.151622477E1
8.144425500E-1	2.535159874E1	-6.320819855E1	-4.483499908E1	8.153623161E1
8.244554900E-1	2.481480026E1	-6.362299728E1	-4.455439758E1	8.153989477E1
8.344552460E-1	2.492459869E1	-6.375719833E1	-4.449340057E1	8.164483238E1
8.444559780E-1	2.344840050E1	-6.374499893E1	-4.507899857E1	8.151912957E1
8.544554900E-1	2.387539864E1	-6.362299728E1	-4.554259872E1	8.180494326E1
8.644554900E-1	2.447319984E1	-6.319599915E1	-4.451779938E1	8.108332924E1
8.744559780E-1	2.446100044E1	-6.313499832E1	-4.550600052E1	8.157919244E1
8.844554900E-1	2.521739960E1	-6.243959808E1	-4.666500092E1	8.192827938E1
8.944559780E-1	2.471719933E1	-6.365959930E1	-4.445679855E1	8.148552917E1
9.044554900E-1	2.723040009E1	-6.256159973E1	-4.396879959E1	8.117083089E1
9.144552460E-1	2.680340004E1	-6.267139816E1	-4.361499786E1	8.092215049E1
9.244552460E-1	2.609580040E1	-6.302519989E1	-4.404199982E1	8.119645539E1
9.344554900E-1	2.497340012E1	-6.311059952E1	-4.505459976E1	8.146493383E1
9.444423060E-1	2.381439972E1	-6.358639908E1	-4.534740067E1	8.165012265E1
9.544554900E-1	2.460739899E1	-6.319599915E1	-4.523759842E1	8.152115495E1
9.644552460E-1	2.424139977E1	-6.353759766E1	-4.524979782E1	8.168363350E1
9.744554900E-1	2.385099983E1	-6.401339722E1	-4.481060028E1	8.169807289E1
9.844552460E-1	2.491239929E1	-6.339119720E1	-4.393219757E1	8.105004321E1
9.944557340E-1	2.409499931E1	-6.372060013E1	-4.524979782E1	8.178281039E1
1.004442550E0	2.497340012E1	-6.318379974E1	-4.439579773E1	8.115941177E1
1.014442550E0	2.479039955E1	-6.337899780E1	-4.526199722E1	8.173193785E1
1.024442550E0	2.607139969E1	-6.253719711E1	-4.479840088E1	8.122509234E1
1.034455246E0	2.698639870E1	-6.214679718E1	-4.562799835E1	8.168478651E1
1.044455002E0	2.725479889E1	-6.241519928E1	-4.452999878E1	8.137199736E1
1.054455246E0	2.426580048E1	-6.378159714E1	-4.454219818E1	8.149189300E1
1.064455246E0	2.468059921E1	-6.354979706E1	-4.449340057E1	8.140866894E1
1.074455246E0	2.483919907E1	-6.373279953E1	-4.495700073E1	8.185345112E1
1.084455246E0	2.448539925E1	-6.348880005E1	-4.553039932E1	8.187417035E1
1.094455490E0	2.380220032E1	-6.358639908E1	-4.556699753E1	8.176873578E1
1.104442306E0	2.514419937E1	-6.317160034E1	-4.413959885E1	8.106285239E1
1.114455246E0	2.561999893E1	-6.323259735E1	-4.411520004E1	8.124590198E1
1.124455490E0	2.515639877E1	-6.317160034E1	-4.402980042E1	8.100690596E1
1.134455246E0	2.498559952E1	-6.342779922E1	-4.379800034E1	8.102857972E1
1.144455490E0	2.501000023E1	-6.329359818E1	-4.446899796E1	8.129619586E1
1.154455490E0	2.470499992E1	-6.315939713E1	-4.511560059E1	8.145467379E1
1.164455246E0	2.457079887E1	-6.309840012E1	-4.516439819E1	8.139382728E1
1.174455002E0	2.450979996E1	-6.261039734E1	-4.668939972E1	8.185775586E1
1.184455490E0	2.474160004E1	-6.334239960E1	-4.484719849E1	8.145966837E1
1.194447922E0	2.450979996E1	-6.356200027E1	-4.463980103E1	8.144673111E1
1.204456955E0	2.551019859E1	-6.326919937E1	-4.423719788E1	8.130615904E1
1.214455246E0	2.533939934E1	-6.326919937E1	-4.438359833E1	8.133253069E1
1.224455246E0	2.561999893E1	-6.358639908E1	-4.467639923E1	8.182661634E1
1.234455490E0	2.421699905E1	-6.324480057E1	-5.041040039E1	8.442497444E1
1.244455246E0	2.244799995E1	-6.380599976E1	-5.505859756E1	8.721563778E1
1.254455490E0	2.133779907E1	-6.386700058E1	-5.195980072E1	8.505360853E1
1.264455002E0	2.106939888E1	-6.404999542E1	-5.686420059E1	8.820350782E1
1.274455490E0	2.078879929E1	-6.473320007E1	-5.580279922E1	8.795745431E1
1.284442306E0	2.713279915E1	-6.154899979E1	-4.323679733E1	7.996179593E1
1.294460129E0	2.378999901E1	-6.315939713E1	-4.577439880E1	8.154979512E1
1.304455978E0	2.378999901E1	-6.354979706E1	-4.450559998E1	8.114979475E1
1.314455734E0	2.426580048E1	-6.346439743E1	-4.537179947E1	8.170164626E1
1.324455490E0	2.388759995E1	-6.362299728E1	-4.532299805E1	8.168645767E1
1.334455978E0	2.511979866E1	-6.292759705E1	-4.484719849E1	8.125366433E1
1.344455734E0	2.415600014E1	-6.383039856E1	-4.488380051E1	8.168468443E1
1.354455978E0	2.447319984E1	-6.369619751E1	-4.418840027E1	8.129426675E1
1.364455246E0	2.396080017E1	-6.397679901E1	-4.446899796E1	8.151467681E1
1.374443283E0	2.590060043E1	-6.303739929E1	-4.451779938E1	8.140263677E1
1.384455734E0	2.405839920E1	-6.354979706E1	-4.561579895E1	8.184243638E1
1.394455490E0	2.449759865E1	-6.337899780E1	-4.435919952E1	8.114658517E1
1.404442306E0	2.487579918E1	-6.364739990E1	-4.463980103E1	8.162419209E1
1.414455734E0	2.522959900E1	-6.234199905E1	-4.343199921E1	8.005870388E1
1.424455002E0	2.496119881E1	-6.325699997E1	-4.405419922E1	8.102642754E1
1.434455734E0	2.479039955E1	-6.351319885E1	-4.393219757E1	8.110812735E1
1.444455246E0	2.499779892E1	-6.329359818E1	-4.468859863E1	8.141277767E1
1.454455734E0	2.413159943E1	-6.364739990E1	-4.515219879E1	8.168259705E1
1.464455978E0	2.441219902E1	-6.320819855E1	-4.593299866E1	8.186007690E1
1.474455734E0	2.516860008E1	-6.246399689E1	-4.557920074E1	8.131834281E1
1.484455734E0	2.519299889E1	-6.320819855E1	-4.465200043E1	8.138651423E1
1.494442306E0	2.422920036E1	-6.385479736E1	-4.485939789E1	8.171202406E1
1.504442306E0	2.499779892E1	-6.342779922E1	-4.357839966E1	8.091385902E1
1.514455490E0	2.405839920E1	-6.361079788E1	-4.506679916E1	8.158527175E1
1.524455490E0	2.405839920E1	-6.394019699E1	-4.456660080E1	8.156799170E1
1.534455490E0	2.447319984E1	-6.319599915E1	-4.451779938E1	8.108332924E1
1.544455734E0	2.641300011E1	-6.276899719E1	-4.433480072E1	8.125988025E1
1.554455978E0	2.668140030E1	-6.264699936E1	-4.462759781E1	8.141355008E1
1.564455734E0	2.662039948E1	-6.262260056E1	-4.454219818E1	8.132799756E1
1.574455978E0	2.709619904E1	-6.267139816E1	-4.429819870E1	8.138942534E1
1.584455978E0	2.730360031E1	-6.252499771E1	-4.460319901E1	8.151262044E1
1.594449875E0	2.453419876E1	-6.359859848E1	-4.549379730E1	8.195361023E1
1.604455246E0	2.342399979E1	-6.375719833E1	-4.573780060E1	8.188779218E1
1.614455490E0	2.414379883E1	-6.325699997E1	-4.620140076E1	8.196914358E1
1.624458908E0	2.511979866E1	-6.318379974E1	-4.478619766E1	8.141867314E1
1.634455734E0	2.483919907E1	-6.329359818E1	-4.461539841E1	8.132403799E1
1.644455490E0	2.521739960E1	-6.320819855E1	-4.400539780E1	8.104115400E1
1.654455734E0	2.527840042E1	-6.324480057E1	-4.418840027E1	8.118815828E1
1.664455978E0	2.469279861E1	-6.373279953E1	-4.444459915E1	8.152868473E1
1.674455734E0	2.399740028E1	-6.326919937E1	-4.570119858E1	8.165455505E1
1.684455978E0	2.444879913E1	-6.313499832E1	-4.561579895E1	8.163683547E1
1.694455734E0	2.513199997E1	-6.292759705E1	-4.451779938E1	8.107610224E1
1.704455734E0	2.490019989E1	-6.333020020E1	-4.481060028E1	8.147836589E1
1.714455002E0	2.461960030E1	-6.345219803E1	-4.485939789E1	8.151485590E1
1.724455246E0	2.460739899E1	-6.365959930E1	-4.340760040E1	8.088441408E1
1.734455734E0	2.486359978E1	-6.347660065E1	-4.456660080E1	8.144727945E1
1.744455734E0	2.485140038E1	-6.322039795E1	-4.484719849E1	8.139829255E1
1.754455734E0	2.347279930E1	-6.367179871E1	-4.520100021E1	8.153649905E1
1.764455734E0	2.494899940E1	-6.275679779E1	-4.471299744E1	8.099457006E1
1.774455734E0	2.527840042E1	-6.292759705E1	-4.490819931E1	8.133650080E1
1.784455734E0	2.496119881E1	-6.325699997E1	-4.405419922E1	8.102642754E1
1.794452072E0	2.488799858E1	-6.308619690E1	-4.540839767E1	8.161619503E1
1.804442550E0	2.487579918E1	-6.347660065E1	-4.424939728E1	8.127787752E1
1.814455490E0	2.446100044E1	-6.357419968E1	-4.573780060E1	8.204855764E1
1.824455490E0	2.438780022E1	-6.359859848E1	-4.520100021E1	8.174764185E1
1.834455002E0	2.518079948E1	-6.296419907E1	-4.504240036E1	8.140872715E1
1.844455490E0	2.422920036E1	-6.335459900E1	-4.507899857E1	8.144308121E1
1.854455978E0	2.442440033E1	-6.378159714E1	-4.483499908E1	8.169957532E1
1.864455490E0	2.665699959E1	-6.297639847E1	-4.455439758E1	8.161934045E1
1.874455978E0	2.713279915E1	-6.265919876E1	-4.341979980E1	8.091750734E1
1.884443039E0	2.679119873E1	-6.261039734E1	-4.449340057E1	8.134797403E1
1.894452804E0	2.590060043E1	-6.303739929E1	-4.473740005E1	8.152294018E1
1.904455246E0	2.633979988E1	-6.273239899E1	-4.446899796E1	8.128118306E1
1.914455734E0	2.347279930E1	-6.378159714E1	-4.604280090E1	8.209143655E1
1.924455246E0	2.325319862E1	-6.351319885E1	-4.594519806E1	8.176551167E1
1.934455490E0	2.420479965E1	-6.368399811E1	-4.512779999E1	8.171928948E1
1.944455734E0	2.535159874E1	-6.320819855E1	-4.483499908E1	8.153623161E1
1.954455978E0	2.546139908E1	-6.315939713E1	-4.438359833E1	8.128527597E1
1.964455734E0	2.448539925E1	-6.337899780E1	-4.457880020E1	8.126316242E1
1.974455734E0	2.511979866E1	-6.367179871E1	-4.445679855E1	8.161806891E1
1.984454025E0	2.420479965E1	-6.336679840E1	-4.584759903E1	8.187323007E1
1.994455490E0	2.393639946E1	-6.347660065E1	-4.534740067E1	8.160034801E1
2.004455246E0	2.426580048E1	-6.353759766E1	-4.481060028E1	8.144842102E1
2.014455246E0	2.558339882E1	-6.330579758E1	-4.421279907E1	8.134436615E1
2.024455978E0	2.570539856E1	-6.264699936E1	-4.302939987E1	8.023056336E1
2.034455002E0	2.493680000E1	-6.307399750E1	-4.410300064E1	8.090270589E1
2.044455246E0	2.294820023E1	-6.419639587E1	-4.565240097E1	8.204839335E1
2.054442306E0	2.532719994E1	-6.278120041E1	-4.504240036E1	8.131275430E1
2.064455734E0	2.479039955E1	-6.319599915E1	-4.465200043E1	8.125330369E1
2.074455734E0	2.541259956E1	-6.306179810E1	-4.463980103E1	8.133450947E1
2.084442795E0	2.521739960E1	-6.313499832E1	-4.477399826E1	8.140427615E1
2.094455734E0	2.505879974E1	-6.253719711E1	-4.387120056E1	8.039606151E1
2.104455734E0	2.469279861E1	-6.379380035E1	-4.400539780E1	8.133792659E1
2.114455246E0	2.475379944E1	-6.369619751E1	-4.520100021E1	8.193342776E1
2.124442795E0	2.508320045E1	-6.300079727E1	-4.505459976E1	8.141366201E1
2.134455490E0	2.448539925E1	-6.281779861E1	-4.567679977E1	8.143697340E1
2.144455734E0	2.530279922E1	-6.317160034E1	-4.442020035E1	8.126522588E1
2.154455490E0	2.457079887E1	-6.341559982E1	-4.444459915E1	8.124398348E1
2.164455978E0	2.448539925E1	-6.369619751E1	-4.396879959E1	8.117878843E1
2.174455734E0	2.472939873E1	-6.340340042E1	-4.440800095E1	8.126256761E1
2.184455978E0	2.615679932E1	-6.306179810E1	-4.401760101E1	8.123126078E1
2.194455002E0	2.527840042E1	-6.348880005E1	-4.413959885E1	8.135188655E1
2.204455246E0	2.599819946E1	-6.268359756E1	-4.532299805E1	8.160461954E1
2.214455490E0	2.492459869E1	-6.333020020E1	-4.437139893E1	8.124512859E1
2.224455490E0	2.609580040E1	-6.320819855E1	-4.443239975E1	8.155063034E1
2.234445968E0	2.579080009E1	-6.314719772E1	-4.429819870E1	8.133304592E1
2.244455246E0	2.538819885E1	-6.326919937E1	-4.351739883E1	8.087840399E1
2.254455734E0	2.507099915E1	-6.350099945E1	-4.516439819E1	8.185813822E1
2.264455978E0	2.382659912E1	-6.358639908E1	-4.501799774E1	8.147120408E1
2.274455734E0	2.521739960E1	-6.289099884E1	-4.472520065E1	8.118829073E1
2.284455246E0	2.647399902E1	-6.286660004E1	-4.409079742E1	8.122241342E1
2.294455246E0	2.653499985E1	-6.284219742E1	-4.472520065E1	8.156955049E1
2.304455490E0	2.591279984E1	-6.272019958E1	-4.501799774E1	8.143658117E1
2.314455490E0	2.713279915E1	-6.259819794E1	-4.409079742E1	8.123251561E1
2.324455490E0	2.555900002E1	-6.336679840E1	-4.420059967E1	8.137755607E1
2.334455490E0	2.342399979E1	-6.406220245E1	-4.490819931E1	8.166636954E1
2.344456222E0	2.494899940E1	-6.312279892E1	-4.549379730E1	8.171062298E1
2.354455490E0	2.437559891E1	-6.342779922E1	-4.492039871E1	8.145610939E1
2.364455734E0	2.468059921E1	-6.315939713E1	-4.566460037E1	8.175265837E1
2.374442795E0	2.199659920E1	-6.370839691E1	-4.718959808E1	8.227677911E1
2.384455734E0	2.403400040E1	-6.351319885E1	-4.488380051E1	8.140095301E1
2.394455490E0	2.453419876E1	-6.323259735E1	-4.470079803E1	8.123084157E1
2.404455246E0	2.391199875E1	-6.362299728E1	-4.466419983E1	8.132994660E1
2.414455978E0	2.233819962E1	-6.422080231E1	-5.044699860E1	8.466526016E1
2.424455490E0	2.225279999E1	-6.441600037E1	-4.686019897E1	8.270723341E1
2.434455246E0	2.458300018E1	-6.326919937E1	-4.511560059E1	8.150296254E1
2.444455490E0	2.491239929E1	-6.325699997E1	-4.515219879E1	8.161370436E1
2.454455490E0	2.460739899E1	-6.351319885E1	-4.451779938E1	8.137127856E1
2.464455246E0	2.433899879E1	-6.363520050E1	-4.412739944E1	8.117298188E1
2.474459884E0	2.507099915E1	-6.320819855E1	-4.382239914E1	8.089644014E1
2.484442062E0	2.491239929E1	-6.333020020E1	-4.470079803E1	8.142176147E1
2.494455246E0	2.397299957E1	-6.333020020E1	-4.568899918E1	8.168784249E1
2.504455490E0	2.042280006E1	-6.457460022E1	-5.625419998E1	8.804263042E1
2.514455246E0	2.594939995E1	-6.289099884E1	-4.474959946E1	8.143203144E1
2.524455490E0	2.719379997E1	-6.256159973E1	-4.472520065E1	8.157082868E1
2.534455246E0	2.709619904E1	-6.274459839E1	-4.384679794E1	8.120117191E1
2.544455246E0	2.718159866E1	-6.263479996E1	-4.439579773E1	8.144288998E1
2.554455490E0	2.593719864E1	-6.314719772E1	-4.481060028E1	8.165963967E1
2.564455246E0	2.399740028E1	-6.364739990E1	-4.442020035E1	8.124051288E1
2.574456711E0	2.454640007E1	-6.309840012E1	-4.549379730E1	8.156972138E1
2.584455490E0	2.476599884E1	-6.337899780E1	-4.581100082E1	8.202987174E1
2.594455490E0	2.427799988E1	-6.353759766E1	-4.460319901E1	8.133813961E1
2.604455002E0	2.526619911E1	-6.331799698E1	-4.407859802E1	8.118172431E1
2.614442550E0	2.509539986E1	-6.357419968E1	-4.405419922E1	8.131562228E1
2.624455734E0	2.443659973E1	-6.370839691E1	-4.494479752E1	8.170643835E1
2.634455490E0	2.269199944E1	-6.406220245E1	-4.509119797E1	8.156046074E1
2.644455734E0	2.404619980E1	-6.350099945E1	-4.444459915E1	8.115367552E1
2.654455734E0	2.371679878E1	-6.319599915E1	-4.535960007E1	8.132474513E1
2.664442550E0	2.416819954E1	-6.339119720E1	-4.455439758E1	8.116427845E1
2.674455490E0	2.421699905E1	-6.368399811E1	-4.479840088E1	8.154147030E1
2.684455246E0	2.525399971E1	-6.356200027E1	-4.401760101E1	8.133536487E1
2.694455734E0	2.437559891E1	-6.374499893E1	-4.431039810E1	8.136956489E1
2.704455978E0	2.381439972E1	-6.397679901E1	-4.418840027E1	8.131894714E1
2.714455490E0	2.333860016E1	-6.385479736E1	-4.498139954E1	8.151964001E1
2.724455490E0	2.385099983E1	-6.345219803E1	-4.570119858E1	8.175360040E1
2.734455490E0	2.501000023E1	-6.303739929E1	-4.473740005E1	8.124437694E1
2.744455978E0	2.507099915E1	-6.314719772E1	-4.427379990E1	8.109434589E1
2.754455490E0	2.475379944E1	-6.314719772E1	-4.401760101E1	8.085708606E1
2.764455734E0	2.387539864E1	-6.375719833E1	-4.443239975E1	8.129731328E1
2.774455490E0	2.410719872E1	-6.403779602E1	-4.431039810E1	8.151937027E1
2.784455246E0	2.461960030E1	-6.351319885E1	-4.429819870E1	8.125504018E1
2.794455490E0	2.466839981E1	-6.341559982E1	-4.571339798E1	8.197428258E1
2.804455246E0	2.176479912E1	-6.437940216E1	-4.524979782E1	8.164531895E1
2.814455734E0	2.431459999E1	-6.381819916E1	-4.495700073E1	8.176242555E1
2.824455734E0	2.669359970E1	-6.272019958E1	-4.384679794E1	8.104883337E1
2.834455490E0	2.710840034E1	-6.253719711E1	-4.518880081E1	8.177893440E1
2.844455734E0	2.742560005E1	-6.272019958E1	-4.377359772E1	8.125339889E1
2.854455978E0	2.626659966E1	-6.302519989E1	-4.388339996E1	8.116565081E1
2.864447677E0	2.647399902E1	-6.291539764E1	-4.548159790E1	8.202314084E1
2.874455490E0	2.507099915E1	-6.254940033E1	-4.732379913E1	8.234393994E1
2.884455246E0	2.525399971E1	-6.300079727E1	-4.501799774E1	8.144620973E1
2.894455734E0	2.546139908E1	-6.252499771E1	-4.582320023E1	8.159303807E1
2.904455490E0	2.513199997E1	-6.348880005E1	-4.373699951E1	8.108865692E1
2.914457199E0	2.513199997E1	-6.324480057E1	-4.401760101E1	8.104980827E1
2.924455246E0	2.429019928E1	-6.339119720E1	-4.549379730E1	8.171990735E1
2.934455978E0	2.515639877E1	-6.359859848E1	-4.413959885E1	8.139981765E1
2.944455978E0	2.389979935E1	-6.362299728E1	-4.499359894E1	8.150773054E1
2.954455734E0	2.243579865E1	-6.414759827E1	-4.654299927E1	8.236825969E1
2.964445724E0	2.380220032E1	-6.404999542E1	-4.373699951E1	8.112873585E1
2.974444259E0	2.529059982E1	-6.356200027E1	-4.335879898E1	8.099214633E1
2.984455734E0	2.499779892E1	-6.361079788E1	-4.418840027E1	8.138696626E1
2.994455978E0	2.418039894E1	-6.381819916E1	-4.444459915E1	8.144186043E1
3.004455490E0	2.336299896E1	-6.372060013E1	-4.543280029E1	8.167180630E1
3.014455734E0	2.344840050E1	-6.350099945E1	-4.535960007E1	8.148434043E1
3.024455734E0	2.357040024E1	-6.363520050E1	-4.496920013E1	8.140780964E1
3.034455734E0	2.352159882E1	-6.352539825E1	-4.511560059E1	8.138893813E1
3.044455490E0	2.211859894E1	-6.415979767E1	-4.629899979E1	8.215418089E1
3.054455978E0	2.346059990E1	-6.356200027E1	-4.457880020E1	8.110361924E1
3.064442306E0	2.352159882E1	-6.409880066E1	-4.422499847E1	8.134969174E1
3.074455246E0	2.382659912E1	-6.365959930E1	-4.446899796E1	8.122649314E1
3.084455246E0	2.205760002E1	-6.458679962E1	-4.427379990E1	8.135208517E1
3.094455734E0	2.485140038E1	-6.300079727E1	-4.305379868E1	8.025161767E1
3.104455734E0	2.820639992E1	-6.131719971E1	-4.074800110E1	7.884034227E1
3.114455734E0	2.409499931E1	-6.356200027E1	-4.268779755E1	8.026795706E1
3.124455490E0	2.520520020E1	-6.315939713E1	-4.282199860E1	8.036252314E1
3.134455734E0	2.586400032E1	-6.295199966E1	-4.238280106E1	8.017607249E1
3.144455734E0	2.704739952E1	-6.247620010E1	-4.143119812E1	7.969555557E1
3.154455734E0	2.732799911E1	-6.247620010E1	-4.244379807E1	8.032167272E1
3.164455246E0	2.757199860E1	-6.224440002E1	-4.221199799E1	8.010264175E1
3.174455734E0	2.708399963E1	-6.219559860E1	-4.267559814E1	8.014388435E1
3.184455246E0	2.690099907E1	-6.234199905E1	-4.204119873E1	7.986019652E1
3.194455246E0	2.535159874E1	-6.323259735E1	-4.266339874E1	8.038177977E1
3.204455978E0	2.707180023E1	-6.197599792E1	-4.100419998E1	7.909014542E1
3.214455734E0	2.592499924E1	-6.256159973E1	-4.234619904E1	7.987026931E1
3.224455978E0	2.581519890E1	-6.273239899E1	-4.146780014E1	7.950696086E1
3.234455734E0	2.535159874E1	-6.273239899E1	-4.310260010E1	8.022400873E1
3.244455978E0	2.436339951E1	-6.330579758E1	-4.418840027E1	8.095562958E1
3.254442795E0	2.501000023E1	-6.324480057E1	-4.307819748E1	8.050550297E1
3.264455246E0	2.659599876E1	-6.252499771E1	-4.185820007E1	7.980495851E1
3.274455734E0	2.780379868E1	-6.191499710E1	-4.147999954E1	7.954312320E1
3.284455246E0	2.664480019E1	-6.239080048E1	-4.199239731E1	7.978670812E1
3.294455246E0	2.549799919E1	-6.329359818E1	-4.250479889E1	8.039207337E1
3.304455734E0	2.538819885E1	-6.290319824E1	-4.251699829E1	8.005665577E1
3.314455734E0	2.533939934E1	-6.280559921E1	-4.276099777E1	8.009451530E1
3.324455490E0	2.450979996E1	-6.293980026E1	-4.379800034E1	8.050101605E1
3.334455734E0	2.579080009E1	-6.292759705E1	-4.251699829E1	8.020438257E1
3.344443771E0	2.607139969E1	-6.275679779E1	-4.107740021E1	7.940709262E1
3.354450851E0	2.642519951E1	-6.235419846E1	-4.161420059E1	7.948634427E1
3.364455490E0	2.560779953E1	-6.307399750E1	-4.177280045E1	7.986898906E1
3.374455490E0	2.587619972E1	-6.263479996E1	-4.288299942E1	8.019755306E1
3.384455734E0	2.388759995E1	-6.364739990E1	-4.315139771E1	8.052112809E1
3.394455490E0	2.605920029E1	-6.312279892E1	-4.196799850E1	8.015536515E1
3.404455490E0	2.640079880E1	-6.229319763E1	-4.271220016E1	8.001110355E1
3.414455734E0	2.641300011E1	-6.229319763E1	-4.260239792E1	7.995657168E1
3.424455490E0	2.633979988E1	-6.232979965E1	-4.207780075E1	7.968268506E1
3.434455734E0	2.649839973E1	-6.257379913E1	-4.198019791E1	7.987479291E1
3.444455734E0	2.681559944E1	-6.219559860E1	-4.133359909E1	7.934629968E1
3.454455002E0	2.586400032E1	-6.295199966E1	-4.249259949E1	8.023416844E1
3.464455490E0	2.608359909E1	-6.304959869E1	-4.209000015E1	8.016965854E1
3.474455490E0	2.788920021E1	-6.185400009E1	-4.373699951E1	8.072577000E1
3.484455490E0	2.764519882E1	-6.202479935E1	-4.235839844E1	8.003478413E1
3.494455246E0	2.841379929E1	-6.214679718E1	-4.235839844E1	8.039777552E1
3.504455978E0	2.759639931E1	-6.198819733E1	-4.183379745E1	7.971301319E1
3.514455978E0	2.660820007E1	-6.239080048E1	-4.274879837E1	8.017523344E1
3.524455734E0	2.525399971E1	-6.168319702E1	-4.649419785E1	8.126679352E1
3.534455978E0	2.646179962E1	-6.201259995E1	-4.373699951E1	8.036612792E1
3.544455490E0	2.631539917E1	-6.240299988E1	-4.206559753E1	7.972546095E1
3.554455490E0	2.519299889E1	-6.298859787E1	-4.265119934E1	8.013348526E1
3.564455246E0	2.771839905E1	-6.256159973E1	-4.189479828E1	8.023364338E1
3.574455246E0	2.663259888E1	-6.270800018E1	-4.147999954E1	7.976326831E1
3.584455490E0	2.746220016E1	-6.235419846E1	-4.200460052E1	8.004127041E1
3.594455002E0	2.707180023E1	-6.269579697E1	-4.278540039E1	8.058682158E1
3.604455246E0	2.676679993E1	-6.239080048E1	-4.304159927E1	8.038440664E1
3.614455734E0	2.535159874E1	-6.315939713E1	-4.311479950E1	8.056487411E1
3.624455978E0	2.429019928E1	-6.309840012E1	-4.404199982E1	8.069150901E1
3.634455978E0	2.614459991E1	-6.290319824E1	-4.199239731E1	8.002320842E1
3.644452072E0	2.748659897E1	-6.253719711E1	-4.195579910E1	8.016672142E1
3.654455246E0	2.715719986E1	-6.236639786E1	-4.143119812E1	7.964687856E1
3.664455490E0	2.677899933E1	-6.226879883E1	-4.165079880E1	7.955694283E1
3.674455246E0	2.599819946E1	-6.270800018E1	-4.327339935E1	8.050333381E1
3.684455246E0	2.651059914E1	-6.263479996E1	-4.121159744E1	7.952562981E1
3.694455246E0	2.643739891E1	-6.253719711E1	-4.189479828E1	7.978102034E1
3.704455978E0	2.591279984E1	-6.281779861E1	-4.250479889E1	8.015115063E1
3.714455978E0	2.601039886E1	-6.276899719E1	-4.238280106E1	8.007989562E1
3.724455490E0	2.631539917E1	-6.290319824E1	-4.173619843E1	7.994512394E1
3.734457443E0	2.533939934E1	-6.361079788E1	-4.161420059E1	8.012590378E1
3.744452804E0	2.560779953E1	-6.300079727E1	-4.221199799E1	8.004194293E1
3.754455490E0	2.553459930E1	-6.247620010E1	-4.278540039E1	7.991171271E1
3.764455490E0	2.686439896E1	-6.228099823E1	-4.335879898E1	8.050219948E1
3.774443039E0	2.753540039E1	-6.245179749E1	-4.141899872E1	7.983707622E1
3.784455490E0	2.857239914E1	-6.195159912E1	-4.213879776E1	8.018766054E1
3.794455002E0	2.948740005E1	-6.176860046E1	-4.097979736E1	7.977600239E1
3.804455490E0	2.788920021E1	-6.236639786E1	-4.135799789E1	7.986149923E1
3.814455734E0	2.781599998E1	-6.226879883E1	-4.193140030E1	8.005857539E1
3.824451095E0	2.708399963E1	-6.243959808E1	-4.251699829E1	8.024924665E1
3.834455734E0	2.740119934E1	-6.243959808E1	-4.276099777E1	8.048622282E1
3.844451340E0	2.829179955E1	-6.207359695E1	-4.207780075E1	8.015047521E1
3.854455490E0	3.017059898E1	-6.167099762E1	-4.115060043E1	8.004341888E1
3.864455490E0	2.823079872E1	-6.203699875E1	-4.177280045E1	7.994081603E1
3.874455490E0	2.860899925E1	-6.195159912E1	-4.137019730E1	7.979955323E1
3.884455978E0	2.734020042E1	-6.246399689E1	-4.211439896E1	8.014274806E1
3.894455246E0	2.707180023E1	-6.251279831E1	-4.228519821E1	8.017961280E1
3.904455490E0	2.641300011E1	-6.247620010E1	-4.289519882E1	8.025534397E1
3.914455490E0	2.616899872E1	-6.237859726E1	-4.383459854E1	8.060631439E1
3.924455734E0	2.779159927E1	-6.215900040E1	-4.152880096E1	7.975434552E1
3.934455978E0	2.787699890E1	-6.243959808E1	-4.123600006E1	7.985135051E1
3.944442550E0	2.808440018E1	-6.229319763E1	-4.132139969E1	7.985382944E1
3.954458175E0	2.802339935E1	-6.218339920E1	-4.157759857E1	7.987980189E1
3.964455490E0	2.740119934E1	-6.231760025E1	-4.191920090E1	7.994703516E1
3.974455490E0	2.777939987E1	-6.259819794E1	-4.209000015E1	8.038530684E1
3.984455490E0	2.714499855E1	-6.223220062E1	-4.309040070E1	8.041442888E1
3.994455490E0	2.703520012E1	-6.215900040E1	-4.237059784E1	7.993691849E1
4.004455246E0	2.827960014E1	-6.189059830E1	-4.179719925E1	7.985729652E1
4.014455246E0	2.583959961E1	-6.313499832E1	-4.321239853E1	8.075285944E1
4.024455734E0	2.818199921E1	-6.231760025E1	-4.074800110E1	7.961223508E1
4.034455978E0	2.787699890E1	-6.236639786E1	-4.157759857E1	7.997119077E1
4.044455490E0	2.696199989E1	-6.256159973E1	-4.262680054E1	8.036135466E1
4.054455490E0	2.658379936E1	-6.228099823E1	-4.234619904E1	7.986752595E1
4.064455978E0	2.687660027E1	-6.284219742E1	-4.226079941E1	8.035837595E1
4.074455490E0	2.876759911E1	-6.187839890E1	-4.200460052E1	8.013050277E1
4.084455246E0	2.665699959E1	-6.256159973E1	-4.216320038E1	8.001427906E1
4.094455002E0	2.716939926E1	-6.236639786E1	-4.121159744E1	7.953703290E1
4.104455490E0	2.751099968E1	-6.264699936E1	-4.224860001E1	8.041421413E1
4.114455246E0	2.714499855E1	-6.254940033E1	-4.226079941E1	8.022003238E1
4.124455978E0	2.765740013E1	-6.202479935E1	-4.213879776E1	7.992299915E1
4.134443771E0	2.721819878E1	-6.214679718E1	-4.178499985E1	7.968086945E1
4.144455490E0	2.716939926E1	-6.254940033E1	-4.182159805E1	7.999781123E1
4.154455002E0	2.615679932E1	-6.265919876E1	-4.183379745E1	7.975224103E1
4.164455002E0	2.622999954E1	-6.286660004E1	-4.209000015E1	8.007365602E1
4.174455490E0	2.593719864E1	-6.298859787E1	-4.224860001E1	8.015763181E1
4.184455490E0	2.629100037E1	-6.253719711E1	-4.150439835E1	7.952818875E1
4.194455246E0	2.618120003E1	-6.276899719E1	-4.212659836E1	8.000032833E1
4.204442550E0	2.494899940E1	-6.296419907E1	-4.304159927E1	8.024663360E1
4.214455490E0	2.548579979E1	-6.279339981E1	-4.316360092E1	8.034695698E1
4.224455734E0	2.659599876E1	-6.285440063E1	-4.135799789E1	7.980292488E1
4.234446701E0	2.633979988E1	-6.301300049E1	-4.213879776E1	8.025024340E1
4.244455490E0	2.652279854E1	-6.300079727E1	-4.166299820E1	8.005226242E1
4.254443039E0	2.654719925E1	-6.250059891E1	-4.155319977E1	7.960996836E1
4.264455490E0	2.624219894E1	-6.311059952E1	-4.171179962E1	8.007168666E1
4.274455246E0	2.514419937E1	-6.281779861E1	-4.345639801E1	8.041619932E1
4.284442795E0	2.487579918E1	-6.298859787E1	-4.240719986E1	7.990456462E1
4.294455490E0	2.626659966E1	-6.247620010E1	-4.260239792E1	8.005107211E1
4.304455490E0	2.723040009E1	-6.214679718E1	-4.167519760E1	7.962751524E1
4.314450607E0	2.676679993E1	-6.252499771E1	-4.193140030E1	7.990043334E1
4.324455490E0	2.486359978E1	-6.381819916E1	-4.168740082E1	8.017980123E1
4.334453293E0	2.552239990E1	-6.303739929E1	-4.212659836E1	7.999848058E1
4.344455246E0	2.520520020E1	-6.315939713E1	-4.271220016E1	8.030406967E1
4.354455490E0	2.652279854E1	-6.229319763E1	-4.377359772E1	8.062275839E1
4.364455246E0	2.653499985E1	-6.242739868E1	-4.233399963E1	7.995907608E1
4.374455246E0	2.718159866E1	-6.247620010E1	-4.194359970E1	8.000862729E1
4.384442795E0	2.676679993E1	-6.270800018E1	-4.221199799E1	8.019106957E1
4.394455734E0	2.541259956E1	-6.314719772E1	-4.190699768E1	7.993475622E1
4.404455734E0	2.416819954E1	-6.409880066E1	-4.244379807E1	8.058681101E1
4.414455734E0	2.627879906E1	-6.258599854E1	-4.322459793E1	8.047327730E1
4.424455734E0	2.843820000E1	-6.170759964E1	-4.146780014E1	7.959985880E1
4.434455246E0	2.853579903E1	-6.202479935E1	-4.223640060E1	8.028250803E1
4.444455490E0	2.823079872E1	-6.229319763E1	-4.161420059E1	8.005724301E1
4.454455734E0	2.813319969E1	-6.239080048E1	-4.117499924E1	7.987158112E1
4.464455734E0	2.849919891E1	-6.206139755E1	-4.094319916E1	7.962516538E1
4.474455734E0	2.587619972E1	-6.320819855E1	-4.189479828E1	8.012507846E1
4.484455490E0	2.587619972E1	-6.281779861E1	-4.316360092E1	8.049068256E1
4.494455978E0	2.560779953E1	-6.268359756E1	-4.315139771E1	8.029343637E1
4.504455734E0	2.577859879E1	-6.274459839E1	-4.223640060E1	7.990828692E1
4.514455490E0	2.596159935E1	-6.248839951E1	-4.202899933E1	7.965702416E1
4.524455734E0	2.796239853E1	-6.221999741E1	-4.082119751E1	7.949587395E1
4.534455490E0	2.670579910E1	-6.291539764E1	-4.185820007E1	8.014771288E1
4.544455978E0	2.586400032E1	-6.302519989E1	-4.182159805E1	7.993852887E1
4.554455978E0	2.612019920E1	-6.254940033E1	-4.154100037E1	7.950061006E1
4.564455734E0	2.526619911E1	-6.301300049E1	-4.262680054E1	8.016272932E1
4.574455734E0	2.598600006E1	-6.259819794E1	-4.254140091E1	8.002235547E1
4.584455734E0	2.536380005E1	-6.265919876E1	-4.322459793E1	8.023629733E1
4.594455734E0	2.536380005E1	-6.304959869E1	-4.194359970E1	7.986137868E1
4.604455978E0	2.642519951E1	-6.285440063E1	-4.139459991E1	7.976515373E1
4.614455734E0	2.703520012E1	-6.247620010E1	-4.165079880E1	7.980580596E1
4.624442795E0	2.592499924E1	-6.280559921E1	-4.207780075E1	7.991989861E1
4.634450363E0	2.569319916E1	-6.302519989E1	-4.187039948E1	7.990898983E1
4.644455490E0	2.616899872E1	-6.276899719E1	-4.256579971E1	8.022849125E1
4.654455734E0	2.294820023E1	-6.363520050E1	-5.215499878E1	8.541781157E1
4.664455490E0	2.163059998E1	-6.404999542E1	-5.325299835E1	8.605908785E1
4.674455978E0	2.571759987E1	-6.314719772E1	-4.248040009E1	8.033397734E1
4.684455490E0	2.663259888E1	-6.263479996E1	-4.204119873E1	7.999922424E1
4.694455978E0	2.619339943E1	-6.275679779E1	-4.201679993E1	7.993698342E1
4.704455978E0	2.527840042E1	-6.319599915E1	-4.279759979E1	8.040128347E1
4.714455734E0	2.542479897E1	-6.339119720E1	-4.152880096E1	7.993438306E1
4.724447433E0	2.569319916E1	-6.289099884E1	-4.309040070E1	8.044998975E1
4.734455490E0	2.609580040E1	-6.267139816E1	-4.313919830E1	8.043435445E1
4.744455978E0	2.863339996E1	-6.169540024E1	-4.088219833E1	7.935709259E1
4.754455978E0	2.809659958E1	-6.240299988E1	-4.194359970E1	8.026717173E1
4.764455734E0	2.777939987E1	-6.180519867E1	-4.118719864E1	7.929667693E1
4.774455734E0	2.727919960E1	-6.236639786E1	-4.248040009E1	8.023905972E1
4.784455978E0	2.690099907E1	-6.263479996E1	-4.349300003E1	8.086051551E1
4.794455490E0	2.565659904E1	-6.303739929E1	-4.284639740E1	8.042256247E1
4.804455734E0	2.629100037E1	-6.272019958E1	-4.178499985E1	7.981870926E1
4.814443527E0	2.594939995E1	-6.267139816E1	-4.263899994E1	8.011965939E1
4.824455246E0	2.638859940E1	-6.292759705E1	-4.171179962E1	7.997571429E1
4.834455002E0	2.638859940E1	-6.292759705E1	-4.160199738E1	7.991850120E1
4.844455490E0	2.774279976E1	-6.256159973E1	-4.145560074E1	8.001364591E1
4.854455734E0	2.744999886E1	-6.217119980E1	-4.183379745E1	7.980493175E1
4.864455734E0	2.721819878E1	-6.232979965E1	-4.217539978E1	8.002873619E1
4.874455734E0	2.807219887E1	-6.221999741E1	-4.210219955E1	8.019957378E1
4.884455490E0	2.827960014E1	-6.214679718E1	-4.162639999E1	7.996697669E1
4.894455734E0	2.674239922E1	-6.284219742E1	-4.154100037E1	7.993717786E1
4.904455490E0	2.690099907E1	-6.258599854E1	-4.188259888E1	7.996763753E1
4.914455490E0	2.547360039E1	-6.336679840E1	-4.238280106E1	8.037759191E1
4.924459396E0	2.592499924E1	-6.306179810E1	-4.201679993E1	8.008937158E1
4.934455490E0	2.581519890E1	-6.291539764E1	-4.196799850E1	7.991298176E1
4.944455490E0	2.616899872E1	-6.251279831E1	-4.250479889E1	7.999577723E1
4.954455734E0	2.470499992E1	-6.325699997E1	-4.238280106E1	8.005052712E1
4.964455734E0	2.636419868E1	-6.275679779E1	-4.176060104E1	7.985884072E1
4.974455978E0	2.710840034E1	-6.275679779E1	-4.146780014E1	7.995535934E1
4.984455978E0	2.622999954E1	-6.268359756E1	-4.180939865E1	7.978265535E1
4.994455978E0	2.590060043E1	-6.256159973E1	-4.289519882E1	8.015480613E1
5.004455490E0	2.543700027E1	-6.319599915E1	-4.287080002E1	8.049025273E1
5.014459640E0	2.596159935E1	-6.241519928E1	-4.268779755E1	7.994942027E1
5.024455002E0	2.572979927E1	-6.257379913E1	-4.293180084E1	8.012891134E1
5.034455978E0	2.616899872E1	-6.308619690E1	-4.184600067E1	8.009851750E1
5.044455246E0	2.654719925E1	-6.298859787E1	-4.122380066E1	7.982304799E1
5.054455246E0	2.698639870E1	-6.280559921E1	-4.191920090E1	8.018745794E1
5.064459640E0	2.736459923E1	-6.253719711E1	-4.112619781E1	7.969370402E1
5.074455734E0	2.579080009E1	-6.285440063E1	-4.306599808E1	8.043955022E1
5.084455978E0	2.742560005E1	-6.242739868E1	-4.243159866E1	8.031054856E1
5.094455978E0	2.736459923E1	-6.232979965E1	-4.268779755E1	8.034969368E1
5.104442550E0	2.841379929E1	-6.202479935E1	-4.129700089E1	7.974874297E1
5.114456222E0	2.594939995E1	-6.298859787E1	-4.213879776E1	8.010376456E1
5.124455490E0	2.602260017E1	-6.326919937E1	-4.162639999E1	8.008073729E1
5.134455490E0	2.638859940E1	-6.318379974E1	-4.155319977E1	8.009506314E1
5.144455246E0	2.605920029E1	-6.287879944E1	-4.223640060E1	8.010454965E1
5.154455490E0	2.518079948E1	-6.280559921E1	-4.270000076E1	8.001191174E1
5.164455490E0	2.571759987E1	-6.259819794E1	-4.108959961E1	7.917249853E1
5.174455734E0	2.644960022E1	-6.278120041E1	-4.140679932E1	7.972191359E1
5.184455734E0	2.625440025E1	-6.304959869E1	-4.183379745E1	8.009127317E1
5.194455734E0	2.816979980E1	-6.193939972E1	-4.213879776E1	8.003564915E1
5.204455978E0	2.635199928E1	-6.300079727E1	-4.180939865E1	8.007218080E1
5.214450851E0	2.569319916E1	-6.352539825E1	-4.154100037E1	8.013283608E1
5.224455246E0	2.538819885E1	-6.282999802E1	-4.306599808E1	8.029227536E1
5.234455490E0	2.670579910E1	-6.242739868E1	-4.217539978E1	7.993212219E1
5.244443039E0	2.542479897E1	-6.290319824E1	-4.185820007E1	7.972039679E1
5.254455490E0	2.655939865E1	-6.267139816E1	-4.161420059E1	7.977999433E1
5.264455978E0	2.676679993E1	-6.234199905E1	-4.154100037E1	7.955275693E1
5.274455490E0	2.694979858E1	-6.276899719E1	-4.117499924E1	7.975975937E1
5.284455978E0	2.891399956E1	-6.175639725E1	-4.145560074E1	7.980249873E1
5.294455734E0	2.581519890E1	-6.267139816E1	-4.213879776E1	7.981107015E1
5.304455734E0	2.579080009E1	-6.235419846E1	-4.339540100E1	8.022700457E1
5.314455246E0	2.455859947E1	-6.336679840E1	-4.316360092E1	8.050821320E1
5.324455490E0	2.616899872E1	-6.314719772E1	-4.128479767E1	7.985499103E1
5.334455490E0	2.693759918E1	-6.226879883E1	-4.183379745E1	7.970636215E1
5.344455490E0	2.644960022E1	-6.278120041E1	-4.140679932E1	7.972191359E1
5.354455978E0	2.641300011E1	-6.292759705E1	-4.106520081E1	7.964847621E1
5.364455490E0	2.572979927E1	-6.320819855E1	-4.160199738E1	7.992512196E1
5.374455490E0	2.641300011E1	-6.258599854E1	-4.383459854E1	8.084630985E1
5.384455734E0	2.816979980E1	-6.175639725E1	-4.174839783E1	7.968888845E1
5.394455734E0	2.857239914E1	-6.170759964E1	-4.230960083E1	8.008940110E1
5.404455490E0	2.709619904E1	-6.243959808E1	-4.229739761E1	8.013724013E1
5.414442550E0	2.770619965E1	-6.231760025E1	-4.227299881E1	8.023791640E1
5.424455734E0	2.874320030E1	-6.158559799E1	-4.121159744E1	7.948177909E1
5.434455246E0	2.666919899E1	-6.274459839E1	-4.233399963E1	8.025146931E1
5.444455490E0	2.654719925E1	-6.242739868E1	-4.211439896E1	7.984708194E1
5.454455002E0	2.590060043E1	-6.263479996E1	-4.233399963E1	7.991324542E1
5.464455490E0	2.682779884E1	-6.256159973E1	-4.211439896E1	8.004565667E1
5.474455734E0	2.655939865E1	-6.261039734E1	-4.217539978E1	8.002641975E1
5.484455734E0	2.641300011E1	-6.272019958E1	-4.283419800E1	8.041292513E1
5.494442306E0	2.622999954E1	-6.286660004E1	-4.198019791E1	8.001599398E1
5.504444259E0	2.619339943E1	-6.301300049E1	-4.163859940E1	7.994063650E1
5.514455246E0	2.570539856E1	-6.346439743E1	-4.187039948E1	8.025975086E1
5.524455490E0	2.558339882E1	-6.300079727E1	-4.276099777E1	8.032505016E1
5.534455490E0	2.574199867E1	-6.250059891E1	-4.327339935E1	8.025934495E1
5.544455246E0	2.574199867E1	-6.306179810E1	-4.227299881E1	8.016512523E1
5.554457443E0	2.658379936E1	-6.285440063E1	-4.146780014E1	7.985582331E1
5.564443527E0	2.547360039E1	-6.359859848E1	-4.450559998E1	8.169721216E1
5.574456222E0	2.543700027E1	-6.354979706E1	-4.376139832E1	8.124455472E1
5.584455978E0	2.341180038E1	-6.381819916E1	-4.539619827E1	8.174160360E1
5.594456466E0	2.471719933E1	-6.315939713E1	-4.489599991E1	8.133695467E1
5.604442795E0	2.339959908E1	-6.357419968E1	-4.589640045E1	8.182725509E1
5.614449142E0	2.509539986E1	-6.300079727E1	-4.494479752E1	8.135671069E1
5.624444504E0	2.437559891E1	-6.417199707E1	-4.443239975E1	8.177073546E1
5.634455734E0	2.175259972E1	-6.455020142E1	-5.376539993E1	8.677915837E1
5.644455246E0	2.471719933E1	-6.384259796E1	-4.484719849E1	8.184185035E1
5.654455490E0	2.358259964E1	-6.374499893E1	-4.592079926E1	8.202611596E1
5.664455490E0	2.033740044E1	-6.500160217E1	-5.477799988E1	8.740393248E1
5.674443283E0	2.291160011E1	-6.420859528E1	-4.640879822E1	8.247097477E1
5.684455490E0	2.435120010E1	-6.279339981E1	-4.712859726E1	8.220156134E1
5.694455978E0	2.304579926E1	-6.345219803E1	-4.751899719E1	8.255510519E1
5.704442550E0	2.558339882E1	-6.328139877E1	-4.638439941E1	8.252610638E1
5.714455734E0	2.610799980E1	-6.268359756E1	-4.649419785E1	8.229563470E1
5.724455490E0	2.485140038E1	-6.326919937E1	-4.656739807E1	8.239603299E1
5.734455002E0	2.513199997E1	-6.303739929E1	-4.567679977E1	8.180281884E1
5.744455490E0	2.483919907E1	-6.315939713E1	-4.572559738E1	8.183474514E1
5.754455490E0	2.532719994E1	-6.296419907E1	-4.543280029E1	8.167066036E1
5.764455490E0	2.766959953E1	-6.197599792E1	-4.604280090E1	8.201567272E1
5.774455978E0	2.461960030E1	-6.229319763E1	-4.856819916E1	8.273715707E1
5.784455734E0	2.330200005E1	-6.365959930E1	-4.729940033E1	8.266051694E1
5.794455978E0	2.348499870E1	-6.414759827E1	-4.660400009E1	8.269457269E1
5.804455490E0	2.364360046E1	-6.370839691E1	-4.644540024E1	8.231011410E1
5.814455490E0	2.474160004E1	-6.351319885E1	-4.501799774E1	8.168655533E1
5.824455490E0	2.465620041E1	-6.317160034E1	-4.620140076E1	8.205576604E1
5.834455246E0	2.635199928E1	-6.259819794E1	-4.526199722E1	8.161869053E1
5.844455002E0	2.516860008E1	-6.296419907E1	-4.546939850E1	8.164199283E1
5.854455734E0	2.430239868E1	-6.318379974E1	-4.694559860E1	8.238135930E1
5.864455490E0	2.414379883E1	-6.337899780E1	-4.715299988E1	8.260281945E1
5.874455978E0	2.621780014E1	-6.296419907E1	-4.532299805E1	8.189039968E1
5.884455734E0	2.651059914E1	-6.284219742E1	-4.516439819E1	8.180327932E1
5.894455978E0	2.604699898E1	-6.296419907E1	-4.568899918E1	8.203914411E1
5.904443283E0	2.653499985E1	-6.252499771E1	-4.544499969E1	8.172349450E1
5.914455490E0	2.646179962E1	-6.273239899E1	-4.531079865E1	8.178416225E1
5.924445480E0	2.531499863E1	-6.328139877E1	-4.504240036E1	8.169579191E1
5.934455490E0	2.533939934E1	-6.307399750E1	-4.627460098E1	8.222987909E1
5.944455490E0	2.608359909E1	-6.296419907E1	-4.470079803E1	8.150463699E1
5.954457931E0	2.649839973E1	-6.280559921E1	-4.409079742E1	8.118316881E1
5.964456222E0	2.561999893E1	-6.308619690E1	-4.500579834E1	8.161969412E1
5.974455978E0	2.514419937E1	-6.247620010E1	-4.634779739E1	8.175343824E1
5.984455978E0	2.154520035E1	-6.428179932E1	-5.116679764E1	8.493754507E1
5.994452804E0	2.485140038E1	-6.365959930E1	-4.528639984E1	8.198167292E1
6.004455246E0	2.603479958E1	-6.292759705E1	-4.439579773E1	8.129378891E1
6.014455490E0	2.666919899E1	-6.211019897E1	-4.388339996E1	8.058955133E1
6.024455490E0	2.726700020E1	-6.273239899E1	-4.359059906E1	8.111093335E1
6.034455734E0	2.580299950E1	-6.308619690E1	-4.474959946E1	8.153643157E1
6.044455246E0	2.519299889E1	-6.357419968E1	-4.554259872E1	8.216139213E1
6.054455490E0	2.197220039E1	-6.401339722E1	-5.513179779E1	8.729265571E1
6.064455246E0	2.264319992E1	-6.384259796E1	-5.586380005E1	8.780293829E1
6.074455490E0	2.209420013E1	-6.451359558E1	-5.563199997E1	8.800611976E1
6.084455734E0	2.636419868E1	-6.284219742E1	-4.498139954E1	8.165500017E1
6.094449142E0	2.640079880E1	-6.319599915E1	-4.478619766E1	8.183238959E1
6.104442795E0	2.553459930E1	-6.298859787E1	-4.612820053E1	8.214249879E1
6.114455490E0	2.433899879E1	-6.292759705E1	-5.206959915E1	8.522624295E1
6.124455246E0	2.332639885E1	-6.419639587E1	-5.398500061E1	8.706134858E1
6.134455490E0	2.759639931E1	-6.226879883E1	-4.534740067E1	8.182512639E1
6.144455246E0	2.408279991E1	-6.354979706E1	-4.529859924E1	8.167325787E1
6.154455246E0	2.603479958E1	-6.303739929E1	-4.523759842E1	8.184109487E1
6.164455246E0	2.582740021E1	-6.318379974E1	-4.515219879E1	8.184111563E1
6.174455246E0	2.355819893E1	-6.384259796E1	-5.509519958E1	8.755767852E1
6.184455734E0	2.303359985E1	-6.465999603E1	-5.114239883E1	8.559793670E1
6.194455490E0	2.442440033E1	-6.325699997E1	-4.710419846E1	8.256394424E1
6.204455246E0	2.547360039E1	-6.302519989E1	-4.538399887E1	8.173608439E1
6.214455246E0	2.704739952E1	-6.263479996E1	-4.377359772E1	8.106051964E1
6.224455490E0	2.471719933E1	-6.339119720E1	-4.689680099E1	8.263591089E1
6.234455246E0	2.598600006E1	-6.300079727E1	-4.493259811E1	8.162910651E1
6.244455002E0	2.626659966E1	-6.313499832E1	-4.472520065E1	8.170866444E1
6.254455490E0	2.619339943E1	-6.259819794E1	-4.507899857E1	8.146621797E1
6.264455490E0	2.583959961E1	-6.268359756E1	-4.515219879E1	8.145943388E1
6.274455490E0	2.442440033E1	-6.320819855E1	-4.560359955E1	8.167934859E1
6.284443039E0	2.182579994E1	-6.425740051E1	-5.457059860E1	8.708231333E1
6.294455490E0	2.278960037E1	-6.386700058E1	-5.398500061E1	8.667606324E1
6.304456222E0	2.631539917E1	-6.274459839E1	-4.490819931E1	8.152380772E1
6.314455734E0	2.583959961E1	-6.293980026E1	-4.498139954E1	8.156242805E1
6.324455734E0	2.651059914E1	-6.308619690E1	-4.510339737E1	8.195728497E1
6.334455978E0	2.843820000E1	-6.204919815E1	-4.452999878E1	8.149696314E1
6.344455734E0	2.747439957E1	-6.201259995E1	-4.478619766E1	8.127858688E1
6.354455734E0	2.552239990E1	-6.306179810E1	-4.568899918E1	8.194917889E1
6.364455978E0	2.594939995E1	-6.270800018E1	-4.424939728E1	8.101650328E1
6.374455734E0	2.851140022E1	-6.214679718E1	-4.395660019E1	8.128534334E1
6.384442550E0	2.743779945E1	-6.265919876E1	-4.389559937E1	8.127626758E1
6.394442795E0	2.718159866E1	-6.245179749E1	-4.421279907E1	8.120245019E1
6.404455246E0	2.515639877E1	-6.328139877E1	-4.496920013E1	8.160642616E1
6.414455978E0	2.601039886E1	-6.324480057E1	-4.411520004E1	8.137933720E1
6.424455734E0	2.310680008E1	-6.353759766E1	-5.494879913E1	8.712244861E1
6.434455734E0	2.418039894E1	-6.318379974E1	-4.588419724E1	8.174499250E1
6.444455246E0	2.565659904E1	-6.276899719E1	-4.517659760E1	8.148087538E1
6.454455490E0	2.560779953E1	-6.334239960E1	-4.516439819E1	8.190141542E1
6.464455978E0	2.593719864E1	-6.322039795E1	-4.413959885E1	8.135023772E1
6.474455734E0	2.651059914E1	-6.297639847E1	-4.416399765E1	8.135906415E1
6.484443039E0	2.616899872E1	-6.292759705E1	-4.512779999E1	8.173871357E1
6.494455734E0	2.610799980E1	-6.281779861E1	-4.527420044E1	8.171570658E1
6.504455978E0	2.576639938E1	-6.272019958E1	-4.472520065E1	8.122853160E1
6.514455978E0	2.480259895E1	-6.330579758E1	-4.560359955E1	8.186868274E1
6.524455490E0	2.619339943E1	-6.292759705E1	-4.457880020E1	8.144474244E1
6.534442795E0	2.670579910E1	-6.308619690E1	-4.451779938E1	8.170007593E1
6.544455490E0	2.662039948E1	-6.286660004E1	-4.448119736E1	8.148270974E1
6.554455490E0	2.644960022E1	-6.280559921E1	-4.507899857E1	8.170826614E1
6.564455490E0	2.530279922E1	-6.328139877E1	-4.526199722E1	8.181329642E1
6.574455978E0	2.677899933E1	-6.247620010E1	-4.571339798E1	8.191523142E1
6.584446945E0	2.624219894E1	-6.302519989E1	-4.421279907E1	8.133634138E1
6.594455246E0	2.616899872E1	-6.267139816E1	-4.517659760E1	8.156865582E1
6.604455490E0	2.685219955E1	-6.282999802E1	-4.496920013E1	8.179778868E1
6.614455490E0	2.572979927E1	-6.304959869E1	-4.477399826E1	8.149837659E1
6.624455734E0	2.563220024E1	-6.308619690E1	-4.489599991E1	8.156303535E1
6.634455734E0	2.483919907E1	-6.347660065E1	-4.500579834E1	8.168100467E1
6.644455734E0	2.400959969E1	-6.369619751E1	-4.571339798E1	8.199622680E1
6.654455978E0	2.400959969E1	-6.337899780E1	-4.643320084E1	8.215473437E1
6.664455734E0	2.446100044E1	-6.324480057E1	-4.623799896E1	8.207434367E1
6.674455734E0	2.524180031E1	-6.311059952E1	-4.628680038E1	8.223481102E1
6.684459884E0	2.452199936E1	-6.353759766E1	-4.626239777E1	8.233203639E1
6.694455246E0	2.407059860E1	-6.315939713E1	-4.689680099E1	8.226671931E1
6.704455246E0	2.437559891E1	-6.361079788E1	-4.542060089E1	8.187511475E1
6.714455734E0	2.338739967E1	-6.325699997E1	-4.682360077E1	8.210278983E1
6.724455246E0	2.265539932E1	-6.368399811E1	-4.734819794E1	8.252739292E1
6.734455734E0	2.126459885E1	-6.400119781E1	-4.871459961E1	8.319524446E1
6.744455734E0	2.286279869E1	-6.370839691E1	-4.783620071E1	8.288407265E1
6.754455490E0	2.269199944E1	-6.329359818E1	-4.775079727E1	8.246905510E1
6.764455978E0	2.318000031E1	-6.326919937E1	-4.784840012E1	8.264244307E1
6.774455734E0	2.152079964E1	-6.358639908E1	-4.809239960E1	8.257877369E1
6.784442550E0	2.178919983E1	-6.365959930E1	-4.876339722E1	8.309742909E1
6.794455490E0	2.470499992E1	-6.326919937E1	-4.616479874E1	8.212500991E1
6.804455490E0	2.662039948E1	-6.262260056E1	-4.465200043E1	8.138818655E1
6.814455978E0	2.509539986E1	-6.275679779E1	-4.510339737E1	8.125583805E1
6.824455978E0	2.598600006E1	-6.325699997E1	-4.466419983E1	8.167993016E1
6.834455978E0	2.642519951E1	-6.237859726E1	-4.528639984E1	8.148765904E1
6.844455246E0	2.479039955E1	-6.325699997E1	-4.409079742E1	8.099389096E1
6.854455734E0	2.519299889E1	-6.320819855E1	-4.465200043E1	8.138651423E1
6.864455734E0	2.642519951E1	-6.287879944E1	-4.517659760E1	8.181051007E1
6.874455490E0	2.583959961E1	-6.293980026E1	-4.509119797E1	8.162303290E1
6.884442550E0	2.285059929E1	-6.367179871E1	-4.654299927E1	8.211271899E1
6.894455734E0	2.352159882E1	-6.346439743E1	-4.588419724E1	8.177013457E1
6.904455002E0	2.475379944E1	-6.337899780E1	-4.603059769E1	8.214903452E1
6.914455002E0	2.482699966E1	-6.315939713E1	-4.616479874E1	8.207726847E1
6.924455490E0	2.472939873E1	-6.334239960E1	-4.495700073E1	8.151646866E1
6.934455734E0	2.309459877E1	-6.401339722E1	-4.554259872E1	8.188530890E1
6.944455490E0	2.497340012E1	-6.354979706E1	-4.517659760E1	8.187290388E1
6.954455734E0	2.494899940E1	-6.312279892E1	-4.560359955E1	8.177180814E1
6.964442795E0	2.442440033E1	-6.314719772E1	-4.616479874E1	8.194698624E1
6.974442550E0	2.254559898E1	-6.379380035E1	-4.692119980E1	8.233803488E1
6.984442550E0	2.457079887E1	-6.320819855E1	-4.600619888E1	8.194858667E1
6.994455490E0	2.522959900E1	-6.324480057E1	-4.550600052E1	8.189770172E1
7.004455246E0	2.437559891E1	-6.335459900E1	-4.548159790E1	8.171016328E1
7.014455490E0	2.381439972E1	-6.376939774E1	-4.584759903E1	8.207109149E1
7.024455734E0	2.407059860E1	-6.354979706E1	-4.540839767E1	8.173061240E1
7.034455734E0	2.454640007E1	-6.341559982E1	-4.488380051E1	8.147772460E1
7.044455978E0	2.701079941E1	-6.263479996E1	-4.465200043E1	8.152608535E1
7.054455734E0	2.681559944E1	-6.261039734E1	-4.373699951E1	8.094481672E1
7.064455734E0	2.653499985E1	-6.290319824E1	-4.406639862E1	8.125740614E1
7.074456711E0	2.591279984E1	-6.353759766E1	-4.396879959E1	8.149696221E1
7.084455246E0	2.664480019E1	-6.273239899E1	-4.483499908E1	8.158110322E1
7.094455002E0	2.621780014E1	-6.302519989E1	-4.498139954E1	8.174885424E1
7.104455246E0	2.704739952E1	-6.268359756E1	-4.528639984E1	8.192468026E1
7.114455490E0	2.726700020E1	-6.273239899E1	-4.359059906E1	8.111093335E1
7.124455490E0	2.632759857E1	-6.298859787E1	-4.442020035E1	8.144851200E1
7.134455734E0	2.660820007E1	-6.318379974E1	-4.376139832E1	8.133418005E1
7.144455978E0	2.594939995E1	-6.296419907E1	-4.420059967E1	8.118839038E1
7.154455734E0	2.624219894E1	-6.296419907E1	-4.499359894E1	8.171638339E1
7.164455734E0	2.647399902E1	-6.298859787E1	-4.481060028E1	8.170939960E1
7.174442795E0	2.594939995E1	-6.251279831E1	-4.614039993E1	8.191555296E1
7.184455734E0	2.598600006E1	-6.325699997E1	-4.466419983E1	8.167993016E1
7.194455246E0	2.653499985E1	-6.290319824E1	-4.427379990E1	8.137006774E1
7.204455246E0	2.688879967E1	-6.281779861E1	-4.410300064E1	8.132747405E1
7.214444504E0	2.665699959E1	-6.297639847E1	-4.455439758E1	8.161934045E1
7.224455490E0	2.702299881E1	-6.270800018E1	-4.387120056E1	8.116167809E1
7.234443039E0	2.612019920E1	-6.307399750E1	-4.499359894E1	8.176195883E1
7.244455734E0	2.670579910E1	-6.264699936E1	-4.418840027E1	8.118165404E1
7.254455490E0	2.554679871E1	-6.287879944E1	-4.474959946E1	8.129519663E1
7.264455978E0	2.641300011E1	-6.276899719E1	-4.444459915E1	8.131983754E1
7.274455002E0	2.736459923E1	-6.262260056E1	-4.402980042E1	8.129596986E1
7.284455734E0	2.715719986E1	-6.252499771E1	-4.421279907E1	8.125060274E1
7.294455246E0	2.613239861E1	-6.306179810E1	-4.466419983E1	8.157562983E1
7.304455246E0	2.536380005E1	-6.339119720E1	-4.500579834E1	8.177584069E1
7.314455490E0	2.610799980E1	-6.289099884E1	-4.471299744E1	8.146261430E1
7.324455978E0	2.677899933E1	-6.311059952E1	-4.427379990E1	8.161024405E1
7.334455734E0	2.615679932E1	-6.300079727E1	-4.478619766E1	8.160319913E1
7.344455734E0	2.552239990E1	-6.345219803E1	-4.440800095E1	8.154535474E1
7.354455978E0	2.570539856E1	-6.304959869E1	-4.543280029E1	8.185449745E1
7.364455978E0	2.590060043E1	-6.311059952E1	-4.417620087E1	8.127315422E1
7.374447433E0	2.466839981E1	-6.373279953E1	-4.499359894E1	8.182190190E1
7.384455246E0	2.638859940E1	-6.258599854E1	-4.438359833E1	8.113734770E1
7.394442795E0	2.602260017E1	-6.311059952E1	-4.489599991E1	8.170541169E1
7.404455490E0	2.501000023E1	-6.308619690E1	-4.634779739E1	8.217960011E1
7.414455490E0	2.685219955E1	-6.289099884E1	-4.431039810E1	8.148453679E1
7.424455246E0	2.835280037E1	-6.215900040E1	-4.377359772E1	8.114031351E1
7.434443039E0	2.527840042E1	-6.267139816E1	-4.518880081E1	8.129409200E1
7.444455734E0	2.501000023E1	-6.303739929E1	-4.473740005E1	8.124437694E1
7.454455734E0	2.581519890E1	-6.282999802E1	-4.468859863E1	8.130869568E1
7.464442795E0	2.153299904E1	-6.448919678E1	-5.555879974E1	8.780265815E1
7.474442550E0	2.618120003E1	-6.292759705E1	-4.479840088E1	8.156123115E1
7.484455246E0	2.625440025E1	-6.302519989E1	-4.399319839E1	8.122112323E1
7.494455246E0	2.463179970E1	-6.337899780E1	-4.507899857E1	8.158271282E1
7.504455734E0	2.551019859E1	-6.326919937E1	-4.434700012E1	8.136595259E1
7.514455490E0	2.475379944E1	-6.383039856E1	-4.420059967E1	8.149087911E1
7.524455490E0	2.468059921E1	-6.304959869E1	-4.460319901E1	8.107915413E1
7.534455490E0	2.570539856E1	-6.312279892E1	-4.465200043E1	8.148040501E1
7.544455978E0	2.408279991E1	-6.353759766E1	-4.518880081E1	8.160291224E1
7.554455734E0	2.514419937E1	-6.342779922E1	-4.396879959E1	8.117001795E1
7.564445236E0	2.585179901E1	-6.300079727E1	-4.421279907E1	8.119228763E1
7.574455734E0	2.770619965E1	-6.261039734E1	-4.383459854E1	8.129678581E1
7.584455246E0	2.458300018E1	-6.370839691E1	-4.534740067E1	8.197237634E1
7.594455490E0	2.313119888E1	-6.430619812E1	-4.622579956E1	8.250553935E1
7.604455490E0	2.364360046E1	-6.378159714E1	-4.599399948E1	8.211309253E1
7.614455246E0	2.443659973E1	-6.339119720E1	-4.588419724E1	8.198140549E1
7.624455490E0	2.593719864E1	-6.282999802E1	-4.542060089E1	8.175192909E1
7.634455734E0	2.594939995E1	-6.289099884E1	-4.474959946E1	8.143203144E1
7.644456222E0	2.480259895E1	-6.336679840E1	-4.482279968E1	8.148376173E1
7.654455490E0	2.482699966E1	-6.315939713E1	-4.605500031E1	8.201556200E1
7.664453537E0	2.577859879E1	-6.301300049E1	-4.584759903E1	8.208030655E1
7.674455490E0	2.559560013E1	-6.278120041E1	-4.638439941E1	8.214698034E1
7.684455490E0	2.597379875E1	-6.293980026E1	-4.560359955E1	8.194964900E1
7.694455490E0	2.716939926E1	-6.239080048E1	-4.499359894E1	8.157948385E1
7.704455490E0	2.726700020E1	-6.284219742E1	-4.443239975E1	8.165089849E1
7.714455246E0	2.741339874E1	-6.247620010E1	-4.415179825E1	8.126592951E1
7.724455246E0	2.715719986E1	-6.252499771E1	-4.421279907E1	8.125060274E1
7.734455734E0	2.622999954E1	-6.278120041E1	-4.471299744E1	8.141709980E1
7.744455978E0	2.686439896E1	-6.239080048E1	-4.442020035E1	8.116318201E1
7.754455978E0	2.529059982E1	-6.328139877E1	-4.570119858E1	8.205333279E1
7.764453781E0	2.616899872E1	-6.292759705E1	-4.501799774E1	8.167814325E1
7.774455246E0	2.757199860E1	-6.253719711E1	-4.377359772E1	8.116183824E1
7.784455490E0	2.664480019E1	-6.286660004E1	-4.382239914E1	8.113296151E1
7.794455490E0	2.726700020E1	-6.265919876E1	-4.415179825E1	8.135751826E1
7.804455246E0	2.727919960E1	-6.291539764E1	-4.365159988E1	8.128938531E1
7.814455490E0	2.690099907E1	-6.281779861E1	-4.388339996E1	8.121263674E1
7.824442550E0	2.647399902E1	-6.291539764E1	-4.537179947E1	8.196230885E1
7.834455490E0	2.524180031E1	-6.324480057E1	-4.506679916E1	8.165824924E1
7.844455734E0	2.631539917E1	-6.306179810E1	-4.429819870E1	8.143476543E1
7.854455734E0	2.716939926E1	-6.270800018E1	-4.416399765E1	8.136908646E1
7.864455002E0	2.746220016E1	-6.290319824E1	-4.328559875E1	8.114571983E1
7.874455490E0	2.736459923E1	-6.254940033E1	-4.457880020E1	8.153844615E1
7.884455490E0	2.674239922E1	-6.318379974E1	-4.449340057E1	8.177414726E1
7.894455490E0	2.731579971E1	-6.237859726E1	-4.538399887E1	8.183489270E1
7.904455490E0	2.670579910E1	-6.282999802E1	-4.446899796E1	8.147576410E1
7.914455246E0	2.732799911E1	-6.251279831E1	-4.405419922E1	8.121232639E1
7.924455002E0	2.624219894E1	-6.278120041E1	-4.460319901E1	8.136078596E1
7.934455490E0	2.513199997E1	-6.342779922E1	-4.429819870E1	8.134515072E1
7.944455734E0	2.648620033E1	-6.297639847E1	-4.460319901E1	8.159038506E1
7.954443039E0	2.638859940E1	-6.284219742E1	-4.444459915E1	8.136843582E1
7.964455490E0	2.670579910E1	-6.258599854E1	-4.462759781E1	8.137462384E1
7.974455490E0	2.685219955E1	-6.264699936E1	-4.446899796E1	8.138291546E1
7.984455246E0	2.698639870E1	-6.270800018E1	-4.452999878E1	8.150754439E1
7.994455246E0	2.749880028E1	-6.262260056E1	-4.463980103E1	8.167304300E1
8.004455978E0	2.687660027E1	-6.257379913E1	-4.459099960E1	8.140140801E1
8.014455490E0	2.541259956E1	-6.337899780E1	-4.381019974E1	8.112971823E1
8.024455490E0	2.502219963E1	-6.353759766E1	-4.409079742E1	8.128428635E1
8.034455002E0	2.513199997E1	-6.317160034E1	-4.445679855E1	8.123223159E1
8.044455734E0	2.471719933E1	-6.340340042E1	-4.472520065E1	8.143263904E1
8.054442550E0	2.508320045E1	-6.307399750E1	-4.471299744E1	8.128190601E1
8.064455246E0	2.175259972E1	-6.418419647E1	-4.714080048E1	8.255326608E1
8.074442306E0	2.155739975E1	-6.408660126E1	-4.699440002E1	8.234250165E1
8.084455002E0	2.242359924E1	-6.397679901E1	-4.648199844E1	8.219747438E1
8.094455490E0	2.336299896E1	-6.407440186E1	-4.643320084E1	8.250697445E1
8.104455246E0	2.435120010E1	-6.342779922E1	-4.568899918E1	8.187521790E1
8.114455490E0	2.348499870E1	-6.372060013E1	-4.637220001E1	8.223284611E1
8.124455246E0	2.328979874E1	-6.404999542E1	-4.634779739E1	8.241926329E1
8.134455246E0	2.687660027E1	-6.207359695E1	-4.481060028E1	8.113860350E1
8.144455734E0	2.504660034E1	-6.339119720E1	-4.454219818E1	8.142348243E1
8.154443039E0	2.476599884E1	-6.351319885E1	-4.470079803E1	8.151958336E1
8.164455490E0	2.549799919E1	-6.302519989E1	-4.483499908E1	8.144016777E1
8.174455246E0	2.551019859E1	-6.337899780E1	-4.518880081E1	8.191272986E1
8.184455246E0	2.552239990E1	-6.319599915E1	-4.468859863E1	8.149968130E1
8.194455490E0	2.569319916E1	-6.201259995E1	-4.479840088E1	8.070068002E1
8.204455002E0	2.710840034E1	-6.259819794E1	-4.463980103E1	8.152368729E1
8.214455246E0	2.631539917E1	-6.306179810E1	-4.418840027E1	8.137509036E1
8.224455246E0	2.713279915E1	-6.278120041E1	-4.459099960E1	8.164572959E1
8.234455246E0	2.694979858E1	-6.267139816E1	-4.379800034E1	8.106948023E1
8.244455734E0	2.654719925E1	-6.282999802E1	-4.450559998E1	8.144391241E1
8.254442550E0	2.831620026E1	-6.229319763E1	-4.352959824E1	8.109917133E1
8.264455490E0	2.718159866E1	-6.237859726E1	-4.455439758E1	8.133279195E1
8.274455490E0	2.679119873E1	-6.236639786E1	-4.466419983E1	8.125408702E1
8.284455002E0	2.752319908E1	-6.262260056E1	-4.431039810E1	8.150170531E1
8.294455490E0	2.615679932E1	-6.300079727E1	-4.478619766E1	8.160319913E1
8.304455246E0	2.657159996E1	-6.301300049E1	-4.424939728E1	8.145365133E1
8.314455246E0	2.725479889E1	-6.267139816E1	-4.448119736E1	8.154204516E1
8.324455246E0	2.669359970E1	-6.296419907E1	-4.357839966E1	8.109325216E1
8.334455246E0	2.670579910E1	-6.307399750E1	-4.429819870E1	8.157119145E1
8.344455734E0	2.707180023E1	-6.292759705E1	-4.467639923E1	8.178475094E1
8.354450363E0	2.805999947E1	-6.226879883E1	-4.404199982E1	8.126785727E1
8.364455490E0	2.752319908E1	-6.268359756E1	-4.365159988E1	8.119250005E1
8.374455002E0	2.764519882E1	-6.225659943E1	-4.435919952E1	8.128886623E1
8.384455490E0	2.721819878E1	-6.262260056E1	-4.373699951E1	8.108850456E1
8.394455490E0	2.704739952E1	-6.281779861E1	-4.427379990E1	8.147273778E1
8.404455246E0	2.631539917E1	-6.280559921E1	-4.435919952E1	8.126981056E1
8.414453537E0	2.696199989E1	-6.272019958E1	-4.518880081E1	8.187063328E1
8.424442062E0	2.691320038E1	-6.211019897E1	-4.565240097E1	8.164642604E1
8.434455734E0	2.703520012E1	-6.263479996E1	-4.399319839E1	8.117525310E1
8.444449386E0	2.664480019E1	-6.254940033E1	-4.454219818E1	8.127964245E1
8.454460617E0	2.749880028E1	-6.243959808E1	-4.424939728E1	8.131971830E1
8.464455490E0	2.762080002E1	-6.257379913E1	-4.418840027E1	8.143097476E1
8.474455734E0	2.627879906E1	-6.263479996E1	-4.483499908E1	8.138716476E1
8.484455246E0	2.670579910E1	-6.301300049E1	-4.485939789E1	8.183033371E1
8.494455734E0	2.802339935E1	-6.209799957E1	-4.440800095E1	8.132369280E1
8.504444748E0	2.787699890E1	-6.228099823E1	-4.440800095E1	8.141326892E1
8.514455734E0	2.720599937E1	-6.242739868E1	-4.562799835E1	8.197109699E1
8.524455978E0	2.636419868E1	-6.309840012E1	-4.471299744E1	8.170514800E1
8.534455978E0	2.533939934E1	-6.334239960E1	-4.383459854E1	8.109140999E1
8.544458664E0	2.630319977E1	-6.312279892E1	-4.385899734E1	8.124012377E1
8.554455246E0	2.627879906E1	-6.313499832E1	-4.450559998E1	8.159259600E1
8.564455490E0	2.609580040E1	-6.296419907E1	-4.448119736E1	8.138831661E1
8.574455734E0	2.641300011E1	-6.269579697E1	-4.489599991E1	8.151110562E1
8.584455734E0	2.721819878E1	-6.287879944E1	-4.346859741E1	8.114242247E1
8.594455490E0	2.674239922E1	-6.293980026E1	-4.465200043E1	8.167236690E1
8.604455246E0	2.680340004E1	-6.279339981E1	-4.445679855E1	8.147294183E1
8.614455734E0	2.737679863E1	-6.286660004E1	-4.363940048E1	8.127789231E1
8.624455490E0	2.710840034E1	-6.259819794E1	-4.452999878E1	8.146361486E1
8.634455978E0	2.632759857E1	-6.274459839E1	-4.479840088E1	8.146731734E1
8.644456711E0	2.510759926E1	-6.318379974E1	-4.489599991E1	8.147536375E1
8.654455978E0	2.249679947E1	-6.417199707E1	-5.474139786E1	8.729703222E1
8.664455734E0	2.614459991E1	-6.281779861E1	-4.461539841E1	8.136430238E1
8.674455978E0	2.671800041E1	-6.282999802E1	-4.424939728E1	8.136012141E1
8.684442795E0	2.612019920E1	-6.320819855E1	-4.388339996E1	8.126065445E1
8.694455978E0	2.635199928E1	-6.291539764E1	-4.465200043E1	8.152653721E1
8.704455978E0	2.626659966E1	-6.287879944E1	-4.489599991E1	8.160470871E1
8.714455978E0	2.409499931E1	-6.379380035E1	-4.479840088E1	8.159114337E1
8.724455734E0	2.546139908E1	-6.341559982E1	-4.432259750E1	8.145129706E1
8.734455734E0	2.532719994E1	-6.334239960E1	-4.416399765E1	8.126613890E1
8.744455246E0	2.470499992E1	-6.347660065E1	-4.428599930E1	8.124571118E1
8.754455246E0	2.543700027E1	-6.323259735E1	-4.437139893E1	8.132787587E1
8.764455490E0	2.455859947E1	-6.384259796E1	-4.489599991E1	8.182085877E1
8.774455978E0	2.504660034E1	-6.357419968E1	-4.504240036E1	8.184026444E1
8.784455978E0	2.540040016E1	-6.306179810E1	-4.474959946E1	8.139101522E1
8.794455734E0	2.579080009E1	-6.290319824E1	-4.457880020E1	8.129727638E1
8.804455490E0	2.553459930E1	-6.287879944E1	-4.518880081E1	8.153396163E1
8.814455734E0	2.519299889E1	-6.346439743E1	-4.438359833E1	8.143906148E1
8.824455978E0	2.588839912E1	-6.292759705E1	-4.389559937E1	8.097478202E1
8.834442550E0	2.525399971E1	-6.324480057E1	-4.484719849E1	8.154103576E1
8.844455246E0	2.404619980E1	-6.386700058E1	-4.533519745E1	8.192980908E1
8.854455246E0	2.527840042E1	-6.361079788E1	-4.520100021E1	8.202720009E1
8.864455490E0	2.513199997E1	-6.303739929E1	-4.567679977E1	8.180281884E1
8.874455734E0	2.579080009E1	-6.314719772E1	-4.451779938E1	8.145286006E1
8.884455246E0	2.559560013E1	-6.323259735E1	-4.466419983E1	8.153764076E1
8.894455734E0	2.488799858E1	-6.340340042E1	-4.457880020E1	8.140438002E1
8.904455734E0	2.654719925E1	-6.253719711E1	-4.294400024E1	8.037314208E1
8.914455490E0	2.707180023E1	-6.267139816E1	-4.473740005E1	8.162120729E1
8.924455978E0	2.758419991E1	-6.240299988E1	-4.455439758E1	8.148691197E1
8.934458175E0	2.652279854E1	-6.273239899E1	-4.410300064E1	8.114115719E1
8.944455490E0	2.641300011E1	-6.301300049E1	-4.428599930E1	8.142195367E1
8.954455490E0	2.635199928E1	-6.315939713E1	-4.448119736E1	8.162177546E1
8.964455246E0	2.751099968E1	-6.236639786E1	-4.468859863E1	8.150762868E1
8.974455978E0	2.597379875E1	-6.281779861E1	-4.476179886E1	8.139000357E1
8.984455734E0	2.697419930E1	-6.228099823E1	-4.462759781E1	8.122901362E1
8.994455734E0	2.433899879E1	-6.324480057E1	-4.550600052E1	8.162773882E1
9.004455734E0	2.254559898E1	-6.361079788E1	-4.664059830E1	8.203647390E1
9.014455734E0	2.405839920E1	-6.354979706E1	-4.561579895E1	8.184243638E1
9.024455734E0	2.493680000E1	-6.318379974E1	-4.515219879E1	8.156443833E1
9.034453537E0	2.503439903E1	-6.346439743E1	-4.442020035E1	8.141010426E1
9.044455734E0	2.418039894E1	-6.375719833E1	-4.500579834E1	8.170185993E1
9.054455246E0	2.438780022E1	-6.391579819E1	-4.448119736E1	8.160006725E1
9.064455490E0	2.420479965E1	-6.350099945E1	-4.473740005E1	8.136144186E1
9.074455978E0	2.397299957E1	-6.347660065E1	-4.468859863E1	8.124687308E1
9.084455246E0	2.399740028E1	-6.383039856E1	-4.471299744E1	8.154414228E1
9.094455490E0	2.474160004E1	-6.333020020E1	-4.462759781E1	8.132947507E1
9.104455734E0	2.335079956E1	-6.403779602E1	-4.504240036E1	8.170016517E1
9.114443039E0	2.544919968E1	-6.315939713E1	-4.460319901E1	8.140157597E1
9.124455978E0	2.519299889E1	-6.352539825E1	-4.393219757E1	8.124162357E1
9.134450119E0	2.559560013E1	-6.297639847E1	-4.482279968E1	8.142631566E1
9.144455246E0	2.553459930E1	-6.343999863E1	-4.407859802E1	8.136075215E1
9.154455978E0	2.526619911E1	-6.317160034E1	-4.507899857E1	8.161585642E1
9.164455246E0	2.514419937E1	-6.303739929E1	-4.546939850E1	8.169094608E1
9.174455734E0	2.505879974E1	-6.251279831E1	-4.592079926E1	8.151388349E1
9.184455734E0	2.432679939E1	-6.345219803E1	-4.395660019E1	8.093304210E1
9.194455734E0	2.499779892E1	-6.335459900E1	-4.423719788E1	8.121345234E1
9.204455734E0	2.532719994E1	-6.352539825E1	-4.455439758E1	8.162130619E1
9.214455734E0	2.547360039E1	-6.315939713E1	-4.405419922E1	8.110971724E1
9.224455978E0	2.577859879E1	-6.314719772E1	-4.473740005E1	8.156923255E1
9.234459884E0	2.635199928E1	-6.273239899E1	-4.424939728E1	8.116520750E1
9.244455490E0	2.564439964E1	-6.333020020E1	-4.451779938E1	8.154866002E1
9.254455734E0	2.653499985E1	-6.265919876E1	-4.422499847E1	8.115498689E1
9.264455490E0	2.686439896E1	-6.257379913E1	-4.481060028E1	8.151788863E1
9.274455734E0	2.710840034E1	-6.278120041E1	-4.492039871E1	8.181800972E1
9.284455490E0	2.633979988E1	-6.285440063E1	-4.542060089E1	8.189927791E1
9.294455978E0	2.653499985E1	-6.276899719E1	-4.517659760E1	8.176171595E1
9.304455734E0	2.690099907E1	-6.292759705E1	-4.493259811E1	8.186870339E1
9.314455490E0	2.652279854E1	-6.297639847E1	-4.394440079E1	8.124405189E1
9.324442550E0	2.743779945E1	-6.272019958E1	-4.333440018E1	8.102176568E1
9.334455490E0	2.655939865E1	-6.301300049E1	-4.446899796E1	8.156918331E1
9.344455246E0	2.670579910E1	-6.251279831E1	-4.529859924E1	8.168851052E1
9.354455002E0	2.690099907E1	-6.250059891E1	-4.449340057E1	8.129976205E1
9.364452804E0	2.655939865E1	-6.264699936E1	-4.378580093E1	8.091504526E1
9.374455490E0	2.729139900E1	-6.234199905E1	-4.421279907E1	8.115489454E1
9.384455490E0	2.596159935E1	-6.282999802E1	-4.509119797E1	8.157713789E1
9.394455734E0	2.720599937E1	-6.280559921E1	-4.423719788E1	8.149625372E1
9.404455734E0	2.716939926E1	-6.276899719E1	-4.360279846E1	8.111305258E1
9.414455490E0	2.655939865E1	-6.276899719E1	-4.484719849E1	8.158811113E1
9.424442795E0	2.665699959E1	-6.279339981E1	-4.416399765E1	8.126540085E1
9.434455002E0	2.555900002E1	-6.330579758E1	-4.487159729E1	8.169667516E1
9.444455246E0	2.540040016E1	-6.356200027E1	-4.452999878E1	8.165922482E1
9.454455246E0	2.553459930E1	-6.337899780E1	-4.485939789E1	8.173908920E1
9.464455490E0	2.547360039E1	-6.302519989E1	-4.527420044E1	8.167516981E1
9.474455978E0	2.631539917E1	-6.280559921E1	-4.435919952E1	8.126981056E1
9.484455246E0	2.675459862E1	-6.293980026E1	-4.443239975E1	8.155651508E1
9.494455734E0	2.655939865E1	-6.308619690E1	-4.412739944E1	8.144014537E1
9.504455978E0	2.632759857E1	-6.298859787E1	-4.463980103E1	8.156848499E1
9.514455490E0	2.707180023E1	-6.280559921E1	-4.384679794E1	8.124018310E1
9.524456711E0	2.685219955E1	-6.289099884E1	-4.442020035E1	8.154429811E1
9.534455490E0	2.510759926E1	-6.318379974E1	-4.511560059E1	8.159657779E1
9.544443039E0	2.660820007E1	-6.254940033E1	-4.531079865E1	8.169144549E1
9.554455246E0	2.582740021E1	-6.293980026E1	-4.520100021E1	8.167988418E1
9.564455246E0	2.652279854E1	-6.304959869E1	-4.327339935E1	8.094008790E1
9.574455246E0	2.701079941E1	-6.270800018E1	-4.409079742E1	8.127653406E1
9.584455734E0	2.616899872E1	-6.298859787E1	-4.434700012E1	8.135746048E1
9.594455490E0	2.605920029E1	-6.296419907E1	-4.535960007E1	8.186003666E1
9.604455734E0	2.559560013E1	-6.304959869E1	-4.416399765E1	8.112240954E1
9.614455734E0	2.521739960E1	-6.320819855E1	-4.400539780E1	8.104115400E1
9.624455246E0	2.610799980E1	-6.339119720E1	-4.449340057E1	8.172964108E1
9.634455246E0	2.823079872E1	-6.208580017E1	-4.349300003E1	8.089045451E1
9.644455490E0	2.642519951E1	-6.276899719E1	-4.401760101E1	8.109122873E1
9.654455978E0	2.712059975E1	-6.259819794E1	-4.442020035E1	8.140771164E1
9.664455246E0	2.590060043E1	-6.303739929E1	-4.451779938E1	8.140263677E1
9.674455246E0	2.570539856E1	-6.275679779E1	-4.387120056E1	8.077044894E1
9.684455490E0	2.651059914E1	-6.297639847E1	-4.405419922E1	8.129951475E1
9.694455734E0	2.703520012E1	-6.287879944E1	-4.383459854E1	8.127802590E1
9.704455734E0	2.693759918E1	-6.292759705E1	-4.395660019E1	8.134924351E1
9.714455978E0	2.660820007E1	-6.268359756E1	-4.409079742E1	8.112476892E1
9.724442795E0	2.620559883E1	-6.291539764E1	-4.413959885E1	8.119966045E1
9.734455490E0	2.592499924E1	-6.303739929E1	-4.407859802E1	8.117106688E1
9.744455002E0	2.610799980E1	-6.281779861E1	-4.537179947E1	8.176982123E1
9.754455490E0	2.613239861E1	-6.250059891E1	-4.544499969E1	8.157496625E1
9.764455246E0	2.715719986E1	-6.263479996E1	-4.493259811E1	8.172863662E1
9.774455246E0	2.693759918E1	-6.292759705E1	-4.406639862E1	8.140862489E1
9.784455490E0	2.744999886E1	-6.240299988E1	-4.394440079E1	8.110947658E1
9.794444992E0	2.641300011E1	-6.301300049E1	-4.417620087E1	8.136228566E1
9.804455734E0	2.649839973E1	-6.315939713E1	-4.477399826E1	8.182900191E1
9.814442550E0	2.596159935E1	-6.331799698E1	-4.454219818E1	8.165280645E1
9.824442795E0	2.593719864E1	-6.290319824E1	-4.485939789E1	8.149795213E1
9.834455734E0	2.677899933E1	-6.261039734E1	-4.471299744E1	8.146427929E1
9.844455246E0	2.630319977E1	-6.248839951E1	-4.539619827E1	8.159334047E1
9.854455490E0	2.705959892E1	-6.256159973E1	-4.422499847E1	8.125285315E1
9.864455246E0	2.641300011E1	-6.326919937E1	-4.401760101E1	8.147507203E1
9.874455246E0	2.631539917E1	-6.312279892E1	-4.363940048E1	8.112573729E1
9.884455246E0	2.684000015E1	-6.264699936E1	-4.479840088E1	8.155935788E1
9.894455734E0	2.624219894E1	-6.270800018E1	-4.515219879E1	8.160678494E1
9.904455734E0	2.669359970E1	-6.264699936E1	-4.451779938E1	8.135741672E1
9.914456955E0	2.666919899E1	-6.261039734E1	-4.344419861E1	8.073850644E1
9.924455002E0	2.579080009E1	-6.314719772E1	-4.451779938E1	8.145286006E1
9.934455002E0	2.457079887E1	-6.376939774E1	-4.522539902E1	8.194874594E1
9.944455490E0	2.313119888E1	-6.364739990E1	-5.546120071E1	8.753278620E1
9.954455246E0	2.174040031E1	-6.391579819E1	-5.553439713E1	8.741821050E1
9.964455246E0	2.086199951E1	-6.445259857E1	-5.660799789E1	8.828264785E1
9.974443039E0	2.109379959E1	-6.462339783E1	-5.553439713E1	8.777927541E1
9.984455246E0	2.132559967E1	-6.433059692E1	-5.619319916E1	8.803909662E1
9.994455734E0	2.034959984E1	-6.497719574E1	-5.662019730E1	8.855500506E1
1.000445573E1	2.030080032E1	-6.451359558E1	-5.608340073E1	8.786053918E1
1.001444890E1	1.845859909E1	-6.533100128E1	-5.647380066E1	8.830713318E1
1.002445549E1	2.143540001E1	-6.483079529E1	-5.128879929E1	8.539935201E1
1.003445525E1	2.280179977E1	-6.368399811E1	-4.775079727E1	8.279922903E1
1.004445500E1	2.226499939E1	-6.391579819E1	-4.696999741E1	8.238410109E1
1.005445549E1	2.231379890E1	-6.412319946E1	-4.766539764E1	8.295589469E1
1.006445549E1	2.520520020E1	-6.307399750E1	-4.565240097E1	8.183992297E1
1.007445500E1	2.605920029E1	-6.285440063E1	-4.440800095E1	8.125163473E1
1.008445549E1	2.509539986E1	-6.293980026E1	-4.549379730E1	8.161423371E1
1.009445573E1	2.488799858E1	-6.346439743E1	-4.391999817E1	8.109320843E1
1.010445573E1	2.647399902E1	-6.304959869E1	-4.448119736E1	8.157635342E1
1.011445525E1	2.585179901E1	-6.293980026E1	-4.476179886E1	8.144539647E1
1.012445525E1	2.653499985E1	-6.284219742E1	-4.461539841E1	8.150939681E1
1.013445549E1	2.479039955E1	-6.337899780E1	-4.526199722E1	8.173193785E1
1.014445525E1	2.627879906E1	-6.295199966E1	-4.411520004E1	8.123841712E1
1.015445598E1	2.625440025E1	-6.295199966E1	-4.455439758E1	8.146988486E1
1.016445525E1	2.583959961E1	-6.307399750E1	-4.387120056E1	8.105983165E1
1.017445549E1	2.655939865E1	-6.301300049E1	-4.467639923E1	8.168243713E1
1.018445525E1	2.610799980E1	-6.295199966E1	-4.415179825E1	8.120322164E1
1.019445573E1	2.654719925E1	-6.258599854E1	-4.467639923E1	8.134950306E1
1.020445598E1	2.574199867E1	-6.315939713E1	-4.539619827E1	8.193030427E1
1.021445500E1	2.560779953E1	-6.323259735E1	-4.433480072E1	8.136151006E1
1.022445158E1	2.641300011E1	-6.301300049E1	-4.417620087E1	8.136228566E1
1.023445500E1	2.673019981E1	-6.282999802E1	-4.391999817E1	8.118545727E1
1.024445525E1	2.629100037E1	-6.287879944E1	-4.434700012E1	8.131184747E1
1.025445549E1	2.616899872E1	-6.306179810E1	-4.379800034E1	8.111640837E1
1.026445549E1	2.630319977E1	-6.324480057E1	-4.490819931E1	8.190549116E1
1.027445549E1	2.705959892E1	-6.250059891E1	-4.466419983E1	8.144591766E1
1.028445549E1	2.771839905E1	-6.221999741E1	-4.489599991E1	8.157995177E1
1.029445549E1	2.272859955E1	-6.459899902E1	-5.134980011E1	8.559452017E1
1.030445500E1	2.809659958E1	-6.219559860E1	-4.372480011E1	8.105288112E1
1.031444768E1	2.823079872E1	-6.201259995E1	-4.383459854E1	8.101859402E1
1.032445549E1	2.597379875E1	-6.307399750E1	-4.449340057E1	8.144096068E1
1.033445549E1	2.659599876E1	-6.243959808E1	-4.468859863E1	8.125959271E1
1.034445549E1	2.530279922E1	-6.317160034E1	-4.442020035E1	8.126522588E1
1.035445500E1	2.558339882E1	-6.323259735E1	-4.487159729E1	8.164760809E1
1.036445500E1	2.719379997E1	-6.237859726E1	-4.433480072E1	8.121678834E1
1.037445549E1	2.818199921E1	-6.241519928E1	-4.387120056E1	8.132997245E1
1.038445549E1	2.779159927E1	-6.231760025E1	-4.420059967E1	8.129913470E1
1.039445549E1	2.688879967E1	-6.257379913E1	-4.426160049E1	8.122547115E1
1.040444255E1	2.537599945E1	-6.306179810E1	-4.528639984E1	8.167980006E1
1.041445525E1	2.599819946E1	-6.318379974E1	-4.500579834E1	8.181455133E1
1.042445549E1	2.513199997E1	-6.311059952E1	-4.512779999E1	8.155417540E1
1.043445525E1	2.669359970E1	-6.272019958E1	-4.373699951E1	8.098948591E1
1.044445525E1	2.715719986E1	-6.295199966E1	-4.432259750E1	8.163920881E1
1.045445525E1	2.682779884E1	-6.322039795E1	-4.424939728E1	8.169797223E1
1.046445549E1	2.836499977E1	-6.208580017E1	-4.400539780E1	8.121388324E1
1.047445549E1	2.715719986E1	-6.252499771E1	-4.410300064E1	8.119090779E1
1.048445549E1	2.554679871E1	-6.287879944E1	-4.485939789E1	8.135568770E1
1.049445549E1	2.560779953E1	-6.309840012E1	-4.544499969E1	8.186828135E1
1.050445525E1	2.167939949E1	-6.437940216E1	-5.500979996E1	8.741156603E1
1.051445525E1	2.172819901E1	-6.423300171E1	-5.514399719E1	8.740053528E1
1.052445500E1	2.631539917E1	-6.306179810E1	-4.418840027E1	8.137509036E1
1.053445549E1	2.686439896E1	-6.264699936E1	-4.424939728E1	8.126716200E1
1.054445549E1	2.826739883E1	-6.236639786E1	-4.385899734E1	8.131558932E1
1.055445549E1	2.712059975E1	-6.284219742E1	-4.424939728E1	8.150262491E1
1.056444280E1	2.893840027E1	-6.152459717E1	-4.473740005E1	8.138883234E1
1.057445940E1	2.542479897E1	-6.298859787E1	-4.496920013E1	8.146295370E1
1.058445598E1	2.747439957E1	-6.243959808E1	-4.490819931E1	8.167185810E1
1.059445549E1	2.605920029E1	-6.309840012E1	-4.413959885E1	8.129449061E1
1.060445549E1	2.701079941E1	-6.263479996E1	-4.454219818E1	8.146599824E1
1.061445598E1	2.675459862E1	-6.275679779E1	-4.393219757E1	8.114346677E1
1.062445573E1	2.754759979E1	-6.236639786E1	-4.382239914E1	8.104838371E1
1.063445573E1	2.630319977E1	-6.312279892E1	-4.395660019E1	8.129285800E1
1.064444231E1	2.555900002E1	-6.341559982E1	-4.570119858E1	8.223989503E1
1.065444328E1	2.591279984E1	-6.272019958E1	-4.501799774E1	8.143658117E1
1.066444304E1	2.541259956E1	-6.306179810E1	-4.452999878E1	8.127429721E1
1.067445598E1	2.624219894E1	-6.295199966E1	-4.488380051E1	8.164657259E1
1.068445549E1	2.747439957E1	-6.251279831E1	-4.423719788E1	8.136106108E1
1.069445549E1	2.632759857E1	-6.306179810E1	-4.407859802E1	8.131946648E1
1.070445085E1	2.563220024E1	-6.284219742E1	-4.506679916E1	8.146881521E1
1.071445549E1	2.555900002E1	-6.312279892E1	-4.448119736E1	8.134080860E1
1.072445573E1	2.624219894E1	-6.320819855E1	-4.460319901E1	8.169072610E1
1.073445573E1	2.758419991E1	-6.246399689E1	-4.389559937E1	8.117550514E1
1.074445573E1	2.762080002E1	-6.239080048E1	-4.368819809E1	8.101962250E1
1.075445598E1	2.715719986E1	-6.252499771E1	-4.410300064E1	8.119090779E1
1.076445598E1	2.721819878E1	-6.248839951E1	-4.484719849E1	8.158983778E1
1.077445598E1	2.638859940E1	-6.302519989E1	-4.483499908E1	8.172338186E1
1.078445598E1	2.691320038E1	-6.250059891E1	-4.438359833E1	8.124376295E1
1.079444255E1	2.664480019E1	-6.290319824E1	-4.522539902E1	8.192737297E1
1.080444280E1	2.604699898E1	-6.329359818E1	-4.496920013E1	8.189477814E1
1.081445549E1	2.724259949E1	-6.280559921E1	-4.346859741E1	8.109390532E1
1.082445598E1	2.676679993E1	-6.275679779E1	-4.371260071E1	8.102881406E1
1.083444231E1	2.668140030E1	-6.296419907E1	-4.390779877E1	8.126673538E1
1.084445525E1	2.522959900E1	-6.350099945E1	-4.511560059E1	8.187995489E1
1.085445573E1	2.561999893E1	-6.297639847E1	-4.416399765E1	8.107323725E1
1.086445573E1	2.694979858E1	-6.235419846E1	-4.472520065E1	8.133069090E1
1.087445573E1	2.696199989E1	-6.221999741E1	-4.562799835E1	8.173244000E1
1.088445573E1	2.594939995E1	-6.314719772E1	-4.459099960E1	8.154322279E1
1.089444450E1	2.571759987E1	-6.318379974E1	-4.399319839E1	8.117258773E1
1.090445500E1	2.732799911E1	-6.251279831E1	-4.394440079E1	8.115281787E1
1.091445573E1	2.664480019E1	-6.297639847E1	-4.477399826E1	8.173544556E1
1.092445549E1	2.609580040E1	-6.264699936E1	-4.520100021E1	8.153997638E1
1.093445573E1	2.563220024E1	-6.290319824E1	-4.450559998E1	8.120696071E1
1.094445598E1	2.658379936E1	-6.275679779E1	-4.407859802E1	8.116672262E1
1.095445549E1	2.693759918E1	-6.281779861E1	-4.311479950E1	8.081210311E1
1.096445573E1	2.465620041E1	-6.380599976E1	-4.487159729E1	8.180827627E1
1.097445598E1	2.468059921E1	-6.379380035E1	-4.411520004E1	8.139368413E1
1.098445598E1	2.532719994E1	-6.309840012E1	-4.443239975E1	8.122261570E1
1.099445305E1	2.460739899E1	-6.319599915E1	-4.523759842E1	8.152115495E1
1.100445549E1	2.330200005E1	-6.386700058E1	-4.573780060E1	8.193853411E1
1.101445573E1	2.486359978E1	-6.340340042E1	-4.501799774E1	8.163828697E1
1.102445573E1	2.546139908E1	-6.341559982E1	-4.432259750E1	8.145129706E1
1.103445573E1	2.630319977E1	-6.287879944E1	-4.401760101E1	8.113661896E1
1.104445525E1	2.609580040E1	-6.296419907E1	-4.459099960E1	8.144837879E1
1.105445573E1	2.577859879E1	-6.322039795E1	-4.407859802E1	8.126670706E1
1.106445573E1	2.555900002E1	-6.293980026E1	-4.396879959E1	8.091931955E1
1.107445549E1	2.514419937E1	-6.328139877E1	-4.507899857E1	8.166322492E1
1.108444255E1	2.485140038E1	-6.290319824E1	-4.567679977E1	8.161356803E1
1.109445549E1	2.559560013E1	-6.297639847E1	-4.460319901E1	8.130563862E1
1.110445525E1	2.602260017E1	-6.318379974E1	-4.445679855E1	8.152162417E1
1.111445525E1	2.586400032E1	-6.300079727E1	-4.399319839E1	8.107680602E1
1.112445573E1	2.520520020E1	-6.328139877E1	-4.377359772E1	8.096891629E1
1.113445549E1	2.533939934E1	-6.302519989E1	-4.477399826E1	8.135706423E1
1.114445598E1	2.657159996E1	-6.275679779E1	-4.440800095E1	8.134209329E1
1.115445549E1	2.666919899E1	-6.272019958E1	-4.439579773E1	8.133914474E1
1.116445573E1	2.599819946E1	-6.236639786E1	-4.593299866E1	8.170259679E1
1.117445573E1	2.637639999E1	-6.259819794E1	-4.471299744E1	8.132343452E1
1.118445573E1	2.732799911E1	-6.269579697E1	-4.445679855E1	8.157198925E1
1.119445549E1	2.579080009E1	-6.296419907E1	-4.412739944E1	8.109798466E1
1.120445525E1	2.508320045E1	-6.325699997E1	-4.488380051E1	8.151791544E1
1.121445549E1	2.565659904E1	-6.333020020E1	-4.418840027E1	8.137315313E1
1.122445525E1	2.443659973E1	-6.352539825E1	-4.455439758E1	8.134935755E1
1.123445549E1	2.540040016E1	-6.313499832E1	-4.429819870E1	8.120060806E1
1.124445549E1	2.712059975E1	-6.265919876E1	-4.363940048E1	8.103147163E1
1.125445573E1	2.712059975E1	-6.241519928E1	-4.402980042E1	8.105434816E1
1.126444280E1	2.532719994E1	-6.309840012E1	-4.443239975E1	8.122261570E1
1.127445598E1	2.542479897E1	-6.330579758E1	-4.402980042E1	8.119524453E1
1.128444353E1	2.516860008E1	-6.303739929E1	-4.492039871E1	8.139419119E1
1.129444255E1	2.481480026E1	-6.336679840E1	-4.460319901E1	8.136689015E1
1.130445573E1	2.397299957E1	-6.365959930E1	-4.507899857E1	8.160493492E1
1.131445549E1	2.513199997E1	-6.292759705E1	-4.473740005E1	8.119688945E1
1.132445525E1	2.549799919E1	-6.308619690E1	-4.406639862E1	8.106703207E1
1.133445525E1	2.464399910E1	-6.362299728E1	-4.459099960E1	8.150809604E1
1.134445549E1	2.511979866E1	-6.350099945E1	-4.395660019E1	8.121307725E1
1.135445573E1	2.564439964E1	-6.308619690E1	-4.456660080E1	8.138602693E1
1.136445573E1	2.461960030E1	-6.319599915E1	-4.501799774E1	8.140318880E1
1.137445573E1	2.439999962E1	-6.359859848E1	-4.498139954E1	8.163006808E1
1.138445915E1	2.569319916E1	-6.269579697E1	-4.485939789E1	8.126050098E1
1.139445500E1	2.561999893E1	-6.323259735E1	-4.411520004E1	8.124590198E1
1.140445525E1	2.435120010E1	-6.406220245E1	-4.402980042E1	8.145900843E1
1.141445549E1	2.538819885E1	-6.295199966E1	-4.412739944E1	8.096136291E1
1.142445525E1	2.519299889E1	-6.352539825E1	-4.404199982E1	8.130105266E1
1.143445549E1	2.558339882E1	-6.312279892E1	-4.382239914E1	8.099012721E1
1.144445573E1	2.502219963E1	-6.328139877E1	-4.424939728E1	8.117053076E1
1.145445549E1	2.459519958E1	-6.302519989E1	-4.506679916E1	8.129031954E1
1.146445549E1	2.653499985E1	-6.269579697E1	-4.583539963E1	8.207163355E1
1.147445549E1	2.655939865E1	-6.290319824E1	-4.362719727E1	8.102805901E1
1.148445525E1	2.726700020E1	-6.247620010E1	-4.365159988E1	8.094582788E1
1.149445549E1	2.652279854E1	-6.272019958E1	-4.388339996E1	8.101256119E1
1.150445573E1	2.658379936E1	-6.275679779E1	-4.407859802E1	8.116672262E1
1.151444841E1	2.453419876E1	-6.341559982E1	-4.510339737E1	8.159523065E1
1.152445549E1	2.463179970E1	-6.319599915E1	-4.457880020E1	8.116482792E1
1.153445549E1	2.551019859E1	-6.301300049E1	-4.450559998E1	8.125365771E1
1.154445525E1	2.487579918E1	-6.347660065E1	-4.435919952E1	8.133770833E1
1.155445598E1	2.474160004E1	-6.334239960E1	-4.484719849E1	8.145966837E1
1.156445549E1	2.559560013E1	-6.304959869E1	-4.405419922E1	8.106268630E1
1.157445573E1	2.547360039E1	-6.347660065E1	-4.344419861E1	8.102827617E1
1.158445622E1	2.513199997E1	-6.317160034E1	-4.434700012E1	8.117219310E1
1.159445525E1	2.402179909E1	-6.375719833E1	-4.482279968E1	8.155434104E1
1.160445525E1	2.487579918E1	-6.290319824E1	-4.523759842E1	8.137602869E1
1.161445549E1	2.496119881E1	-6.325699997E1	-4.416399765E1	8.108617749E1
1.162445573E1	2.530279922E1	-6.341559982E1	-4.426160049E1	8.136866244E1
1.163445525E1	2.474160004E1	-6.347660065E1	-4.362719727E1	8.089967826E1
1.164445525E1	2.409499931E1	-6.347660065E1	-4.540839767E1	8.168090598E1
1.165445598E1	2.504660034E1	-6.322039795E1	-4.437139893E1	8.119711786E1
1.166445573E1	2.380220032E1	-6.315939713E1	-4.555479813E1	8.143030036E1
1.167444304E1	2.485140038E1	-6.347660065E1	-4.478619766E1	8.156392849E1
1.168445525E1	2.561999893E1	-6.323259735E1	-4.411520004E1	8.124590198E1
1.169444280E1	2.549799919E1	-6.302519989E1	-4.483499908E1	8.144016777E1
1.170445549E1	2.565659904E1	-6.308619690E1	-4.434700012E1	8.126983286E1
1.171445500E1	2.483919907E1	-6.354979706E1	-4.445679855E1	8.143690474E1
1.172445500E1	2.536380005E1	-6.295199966E1	-4.466419983E1	8.124756834E1
1.173445549E1	2.499779892E1	-6.311059952E1	-4.429819870E1	8.105657364E1
1.174445549E1	2.503439903E1	-6.290319824E1	-4.520100021E1	8.140432362E1
1.175445549E1	2.502219963E1	-6.314719772E1	-4.535960007E1	8.167724514E1
1.176445598E1	2.460739899E1	-6.345219803E1	-4.507899857E1	8.163223402E1
1.177445598E1	2.564439964E1	-6.308619690E1	-4.456660080E1	8.138602693E1
1.178445549E1	2.679119873E1	-6.274459839E1	-4.327339935E1	8.079133647E1
1.179445549E1	2.641300011E1	-6.276899719E1	-4.433480072E1	8.125988025E1
1.180445549E1	2.657159996E1	-6.301300049E1	-4.424939728E1	8.145365133E1
1.181445525E1	2.618120003E1	-6.292759705E1	-4.468859863E1	8.150097271E1
1.182445549E1	2.694979858E1	-6.242739868E1	-4.417620087E1	8.108642595E1
1.183445525E1	2.474160004E1	-6.333020020E1	-4.473740005E1	8.138977818E1
1.184445549E1	2.385099983E1	-6.383039856E1	-4.442020035E1	8.134091327E1
1.185445549E1	2.487579918E1	-6.353759766E1	-4.379800034E1	8.108080250E1
1.186445573E1	2.483919907E1	-6.361079788E1	-4.389559937E1	8.117969611E1
1.187445061E1	2.475379944E1	-6.376939774E1	-4.463980103E1	8.168230230E1
1.188445525E1	2.461960030E1	-6.363520050E1	-4.524979782E1	8.187250860E1
1.189445525E1	2.443659973E1	-6.376939774E1	-4.439579773E1	8.145348581E1
1.190445525E1	2.465620041E1	-6.354979706E1	-4.493259811E1	8.164216618E1
1.191445549E1	2.469279861E1	-6.323259735E1	-4.477399826E1	8.131916497E1
1.192445573E1	2.336299896E1	-6.378159714E1	-4.488380051E1	8.141546169E1
1.193445525E1	2.432679939E1	-6.339119720E1	-4.450559998E1	8.118488456E1
1.194445769E1	2.383880043E1	-6.365959930E1	-4.424939728E1	8.111006195E1
1.195445525E1	2.383880043E1	-6.365959930E1	-4.424939728E1	8.111006195E1
1.196445573E1	2.465620041E1	-6.330579758E1	-4.520100021E1	8.160075150E1
1.197444255E1	2.518079948E1	-6.320819855E1	-4.487159729E1	8.150343103E1
1.198445573E1	2.482699966E1	-6.361079788E1	-4.422499847E1	8.135455740E1
1.199445525E1	2.486359978E1	-6.347660065E1	-4.445679855E1	8.138724938E1
1.200445525E1	2.508320045E1	-6.350099945E1	-4.494479752E1	8.174092427E1
1.201445525E1	2.527840042E1	-6.324480057E1	-4.440800095E1	8.130788938E1
1.202445525E1	2.453419876E1	-6.348880005E1	-4.454219818E1	8.134348197E1
1.203445500E1	2.431459999E1	-6.350099945E1	-4.567679977E1	8.191426458E1
1.204445500E1	2.435120010E1	-6.337899780E1	-4.406639862E1	8.094273158E1
1.205445573E1	2.535159874E1	-6.334239960E1	-4.361499786E1	8.097673236E1
1.206445573E1	2.503439903E1	-6.346439743E1	-4.431039810E1	8.135024435E1
1.207445525E1	2.382659912E1	-6.415979767E1	-4.413959885E1	8.144010467E1
1.208445525E1	2.591279984E1	-6.285440063E1	-4.390779877E1	8.093234006E1
1.209445549E1	2.501000023E1	-6.335459900E1	-4.401760101E1	8.109780838E1
1.210445549E1	2.579080009E1	-6.290319824E1	-4.457880020E1	8.129727638E1
1.211445549E1	2.664480019E1	-6.261039734E1	-4.410300064E1	8.108687870E1
1.212444280E1	2.647399902E1	-6.254940033E1	-4.459099960E1	8.125058370E1
1.213445525E1	2.665699959E1	-6.279339981E1	-4.405419922E1	8.120578277E1
1.214445525E1	2.752319908E1	-6.262260056E1	-4.420059967E1	8.144206284E1
1.215445549E1	2.530279922E1	-6.348880005E1	-4.348080063E1	8.100394684E1
1.216444280E1	2.538819885E1	-6.326919937E1	-4.340760040E1	8.081937888E1
1.217445500E1	2.388759995E1	-6.394019699E1	-4.471299744E1	8.159790660E1
1.218445549E1	2.597379875E1	-6.246399689E1	-4.387120056E1	8.062922155E1
1.219445549E1	2.418039894E1	-6.350099945E1	-4.516439819E1	8.158977564E1
1.220445500E1	2.297259903E1	-6.387919998E1	-4.582320023E1	8.190273607E1
1.221445525E1	2.485140038E1	-6.329359818E1	-4.428599930E1	8.114752864E1
1.222445549E1	2.516860008E1	-6.309840012E1	-4.424939728E1	8.107327357E1
1.223445549E1	2.515639877E1	-6.359859848E1	-4.413959885E1	8.139981765E1
1.224445525E1	2.482699966E1	-6.336679840E1	-4.449340057E1	8.131047747E1
1.225445988E1	2.433899879E1	-6.381819916E1	-4.451779938E1	8.152903696E1
1.226443742E1	2.432679939E1	-6.331799698E1	-4.517659760E1	8.149777224E1
1.227445598E1	2.472939873E1	-6.326919937E1	-4.562799835E1	8.183183356E1
1.228445549E1	2.472939873E1	-6.322039795E1	-4.400539780E1	8.090016634E1
1.229445598E1	2.475379944E1	-6.358639908E1	-4.435919952E1	8.138623543E1
1.230445598E1	2.557119942E1	-6.312279892E1	-4.404199982E1	8.110531259E1
1.231445549E1	2.521739960E1	-6.339119720E1	-4.450559998E1	8.145618181E1
1.232445549E1	2.535159874E1	-6.302519989E1	-4.444459915E1	8.118005773E1
1.233445598E1	2.368019867E1	-6.384259796E1	-4.467639923E1	8.144083602E1
1.234445573E1	2.508320045E1	-6.331799698E1	-4.444459915E1	8.132440028E1
1.235445573E1	2.532719994E1	-6.309840012E1	-4.443239975E1	8.122261570E1
1.236444524E1	2.540040016E1	-6.298859787E1	-4.529859924E1	8.163765604E1
1.237446208E1	2.501000023E1	-6.314719772E1	-4.568899918E1	8.185690770E1
1.238445573E1	2.560779953E1	-6.323259735E1	-4.433480072E1	8.136151006E1
1.239445573E1	2.466839981E1	-6.362299728E1	-4.415179825E1	8.127605441E1
1.240445549E1	2.433899879E1	-6.337899780E1	-4.428599930E1	8.105883023E1
1.241445598E1	2.452199936E1	-6.330579758E1	-4.437139893E1	8.110347404E1
1.242445573E1	2.608359909E1	-6.320819855E1	-4.465200043E1	8.166658832E1
1.243445598E1	2.653499985E1	-6.290319824E1	-4.417620087E1	8.131700492E1
1.244445549E1	2.625440025E1	-6.295199966E1	-4.455439758E1	8.146988486E1
1.245445549E1	2.613239861E1	-6.313499832E1	-4.422499847E1	8.139275619E1
1.246445525E1	2.560779953E1	-6.323259735E1	-4.433480072E1	8.136151006E1
1.247445525E1	2.358259964E1	-6.381819916E1	-4.524979782E1	8.170952057E1
1.248445598E1	2.432679939E1	-6.356200027E1	-4.489599991E1	8.153264288E1
1.249445549E1	2.267980003E1	-6.448919678E1	-4.565240097E1	8.220323318E1
1.250445573E1	2.454640007E1	-6.367179871E1	-4.482279968E1	8.164378163E1
1.251445598E1	2.497340012E1	-6.342779922E1	-4.422499847E1	8.125642693E1
1.252445549E1	2.587619972E1	-6.286660004E1	-4.466419983E1	8.134296441E1
1.253445598E1	2.649839973E1	-6.247620010E1	-4.481060028E1	8.132300207E1
1.254445573E1	2.587619972E1	-6.292759705E1	-4.433480072E1	8.120981922E1
1.255444280E1	2.641300011E1	-6.276899719E1	-4.422499847E1	8.120002508E1
1.256444621E1	2.671800041E1	-6.257379913E1	-4.451779938E1	8.130907911E1
1.257445549E1	2.339959908E1	-6.407440186E1	-4.556699753E1	8.203305111E1
1.258445598E1	2.457079887E1	-6.384259796E1	-4.467639923E1	8.170423563E1
1.259445549E1	2.474160004E1	-6.333020020E1	-4.473740005E1	8.138977818E1
1.260445549E1	2.519299889E1	-6.328139877E1	-4.410300064E1	8.114368299E1
1.261445573E1	2.503439903E1	-6.346439743E1	-4.442020035E1	8.141010426E1
1.262445598E1	2.450979996E1	-6.348880005E1	-4.520100021E1	8.169876649E1
1.263445573E1	2.529059982E1	-6.261039734E1	-4.551819992E1	8.143453087E1
1.264445573E1	2.546139908E1	-6.291539764E1	-4.454219818E1	8.118274153E1
1.265444255E1	2.515639877E1	-6.272019958E1	-4.575000000E1	8.160717086E1
1.266444255E1	2.482699966E1	-6.329359818E1	-4.483499908E1	8.144100089E1
1.267445525E1	2.507099915E1	-6.313499832E1	-4.416399765E1	8.102494492E1
1.268445525E1	2.497340012E1	-6.336679840E1	-4.467639923E1	8.145552468E1
1.269445598E1	2.480259895E1	-6.318379974E1	-4.454219818E1	8.118724582E1
1.270445573E1	2.435120010E1	-6.356200027E1	-4.435919952E1	8.124559931E1
1.271445573E1	2.521739960E1	-6.252499771E1	-4.393219757E1	8.046943870E1
1.272445573E1	2.561999893E1	-6.297639847E1	-4.416399765E1	8.107323725E1
1.273445598E1	2.553459930E1	-6.319599915E1	-4.435919952E1	8.132335859E1
1.274445598E1	2.704739952E1	-6.263479996E1	-4.377359772E1	8.106051964E1
1.275444914E1	2.718159866E1	-6.234199905E1	-4.316360092E1	8.055098135E1
1.276445525E1	2.652279854E1	-6.315939713E1	-4.411520004E1	8.147833554E1
1.277444231E1	2.610799980E1	-6.270800018E1	-4.454219818E1	8.122763298E1
1.278445573E1	2.536380005E1	-6.289099884E1	-4.533519745E1	8.157131981E1
1.279445573E1	2.543700027E1	-6.323259735E1	-4.437139893E1	8.132787587E1
1.280445525E1	2.564439964E1	-6.315939713E1	-4.401760101E1	8.114366197E1
1.281445573E1	2.564439964E1	-6.315939713E1	-4.412739944E1	8.120327617E1
1.282445598E1	2.563220024E1	-6.297639847E1	-4.383459854E1	8.089813646E1
1.283445573E1	2.481480026E1	-6.350099945E1	-4.338319778E1	8.080998140E1
1.284445598E1	2.483919907E1	-6.336679840E1	-4.416399765E1	8.113442943E1
1.285445525E1	2.447319984E1	-6.337899780E1	-4.501799774E1	8.150125762E1
1.286445525E1	2.536380005E1	-6.270800018E1	-4.483499908E1	8.115289756E1
1.287445500E1	2.465620041E1	-6.362299728E1	-4.437139893E1	8.139186105E1
1.288445549E1	2.532719994E1	-6.347660065E1	-4.304159927E1	8.076710441E1
1.289445549E1	2.516860008E1	-6.341559982E1	-4.352959824E1	8.093097462E1
1.290445573E1	2.448539925E1	-6.345219803E1	-4.423719788E1	8.113350656E1
1.291445573E1	2.348499870E1	-6.359859848E1	-4.554259872E1	8.167285468E1
1.292445573E1	2.380220032E1	-6.365959930E1	-4.511560059E1	8.157516007E1
1.293445549E1	2.425359917E1	-6.335459900E1	-4.474959946E1	8.126849905E1
1.294445573E1	2.536380005E1	-6.320819855E1	-4.439579773E1	8.129935776E1
1.295445549E1	2.414379883E1	-6.364739990E1	-4.482279968E1	8.150458826E1
1.296445525E1	2.420479965E1	-6.368399811E1	-4.501799774E1	8.165870475E1
1.297445549E1	2.542479897E1	-6.330579758E1	-4.402980042E1	8.119524453E1
1.298444255E1	2.431459999E1	-6.320819855E1	-4.455439758E1	8.106522362E1
1.299445598E1	2.454640007E1	-6.323259735E1	-4.438359833E1	8.106041528E1
1.300445549E1	2.487579918E1	-6.322039795E1	-4.451779938E1	8.122474108E1
1.301445573E1	2.480259895E1	-6.336679840E1	-4.504240036E1	8.160476631E1
1.302445573E1	2.538819885E1	-6.295199966E1	-4.423719788E1	8.102126004E1
1.303445549E1	2.424139977E1	-6.361079788E1	-4.481060028E1	8.149827585E1
1.304445598E1	2.505879974E1	-6.333020020E1	-4.499359894E1	8.162770147E1
1.305445525E1	2.548579979E1	-6.340340042E1	-4.367599869E1	8.109938370E1
1.306445525E1	2.677899933E1	-6.268359756E1	-4.405419922E1	8.116107859E1
1.307445549E1	2.610799980E1	-6.289099884E1	-4.493259811E1	8.158335469E1
1.308445549E1	2.499779892E1	-6.353759766E1	-4.462759781E1	8.156922675E1
1.309445573E1	2.598600006E1	-6.281779861E1	-4.432259750E1	8.115319261E1
1.310445573E1	2.799899864E1	-6.217119980E1	-4.439579773E1	8.136454305E1
1.311445573E1	2.537599945E1	-6.306179810E1	-4.528639984E1	8.167980006E1
1.312445598E1	2.477820015E1	-6.333020020E1	-4.398099899E1	8.098766407E1
1.313445573E1	2.544919968E1	-6.323259735E1	-4.404199982E1	8.115245455E1
1.314444255E1	2.433899879E1	-6.350099945E1	-4.523759842E1	8.167743938E1
1.315444255E1	2.492459869E1	-6.307399750E1	-4.454219818E1	8.113921493E1
1.316445598E1	2.430239868E1	-6.331799698E1	-4.572559738E1	8.179612203E1
1.317445525E1	2.516860008E1	-6.322039795E1	-4.520100021E1	8.169092708E1
1.318445549E1	2.579080009E1	-6.296419907E1	-4.401760101E1	8.103829300E1
1.319445549E1	2.492459869E1	-6.351319885E1	-4.465200043E1	8.154117482E1
1.320444328E1	2.474160004E1	-6.326919937E1	-4.529859924E1	8.165232057E1
1.321445598E1	2.544919968E1	-6.291539764E1	-4.498139954E1	8.142073034E1
1.322445573E1	2.510759926E1	-6.307399750E1	-4.416399765E1	8.098876088E1
1.323445573E1	2.487579918E1	-6.322039795E1	-4.440800095E1	8.116461452E1
1.324445720E1	2.468059921E1	-6.330579758E1	-4.465200043E1	8.130533271E1
1.325445525E1	2.518079948E1	-6.328139877E1	-4.432259750E1	8.125946556E1
1.326445549E1	2.577859879E1	-6.329359818E1	-4.362719727E1	8.107988694E1
1.327445549E1	2.543700027E1	-6.317160034E1	-4.504240036E1	8.164869811E1
1.328445549E1	2.454640007E1	-6.348880005E1	-4.432259750E1	8.122712686E1
1.329445525E1	2.441219902E1	-6.378159714E1	-4.505459976E1	8.181665206E1
1.330445549E1	2.391199875E1	-6.354979706E1	-4.533519745E1	8.164337400E1
1.331445573E1	2.443659973E1	-6.345219803E1	-4.511560059E1	8.160114127E1
1.332445573E1	2.403400040E1	-6.386700058E1	-4.555479813E1	8.204795287E1
